2026-08-30 10:03:12,526 INFO theroadragetrip.main: Selected starting city: Oulu (bbox: (64.993982, 25.425347, 65.030018, 25.510653))
2026-08-30 10:03:12,716 INFO theroadragetrip.osm: Loaded OSM data from local cache
2026-08-30 10:03:12,846 INFO theroadragetrip.osm: Parsed 146323 OSM elements: 124027 nodes, 21946 ways, 303 relations
2026-08-30 10:03:12,858 INFO theroadragetrip.osm: Transforming 124027 node coordinates to EPSG:3067...
2026-08-30 10:03:12,937 INFO theroadragetrip.osm: Coordinate transformation finished in 0.214s (122603 nodes)
2026-08-30 10:03:17,691 INFO theroadragetrip.osm: Map generation complete in 4.967s: 12865 roads, 201 waters, 4187 buildings, 3314 scenery polygons, 1173 places, 776 traffic signals, 1024 crossings
2026-08-30 10:03:17,712 INFO theroadragetrip.roadworks: Roadwork generated: osm_way_id=28800157 start=(427805.5, 7212466.8) end=(427765.7, 7212465.7) length=51.3m closure=one-lane
2026-08-30 10:03:17,712 INFO theroadragetrip.roadworks: Roadwork generated: osm_way_id=1094975771 start=(427637.6, 7212310.8) end=(427594.4, 7212293.4) length=46.5m closure=one-lane
2026-08-30 10:03:17,712 INFO theroadragetrip.roadworks: Roadwork generated: osm_way_id=35820980 start=(427713.1, 7212036.3) end=(427734.4, 7212052.9) length=27.1m closure=one-lane
2026-08-30 10:03:17,712 INFO theroadragetrip.main: Created 3 random roadworks (6 temporary lights)
2026-08-30 10:03:17,817 INFO theroadragetrip.police: Speed camera 1 placed at x=427897.2 y=7210516.9 heading=145.9 deg limit=30 km/h osm_way_id=19845843
2026-08-30 10:03:17,817 INFO theroadragetrip.police: Speed camera 2 placed at x=429840.4 y=7211015.4 heading=-122.4 deg limit=30 km/h osm_way_id=25334953
2026-08-30 10:03:17,817 INFO theroadragetrip.police: Speed camera 3 placed at x=428526.1 y=7207293.0 heading=107.7 deg limit=30 km/h osm_way_id=802303036
2026-08-30 10:03:17,817 INFO theroadragetrip.police: Speed camera 4 placed at x=428462.9 y=7212076.2 heading=-91.8 deg limit=30 km/h osm_way_id=95612777
2026-08-30 10:03:17,817 INFO theroadragetrip.police: Speed camera 5 placed at x=427883.4 y=7212323.2 heading=13.3 deg limit=30 km/h osm_way_id=352315694
2026-08-30 10:03:17,817 INFO theroadragetrip.police: Speed camera 6 placed at x=428370.0 y=7208720.6 heading=-175.5 deg limit=40 km/h osm_way_id=23195957
2026-08-30 10:03:17,817 INFO theroadragetrip.police: Speed camera 7 placed at x=428388.9 y=7211252.7 heading=-114.1 deg limit=30 km/h osm_way_id=1174822650
2026-08-30 10:03:17,817 INFO theroadragetrip.police: Speed camera 8 placed at x=426759.1 y=7209543.2 heading=-121.4 deg limit=30 km/h osm_way_id=1535621367
2026-08-30 10:03:17,817 INFO theroadragetrip.police: Speed camera 9 placed at x=428412.3 y=7210159.2 heading=150.1 deg limit=40 km/h osm_way_id=34107465
2026-08-30 10:03:17,817 INFO theroadragetrip.police: Speed camera 10 placed at x=426896.6 y=7209104.5 heading=126.9 deg limit=50 km/h osm_way_id=160042934
2026-08-30 10:03:17,817 INFO theroadragetrip.police: Speed camera 11 placed at x=428029.9 y=7209341.6 heading=-85.5 deg limit=30 km/h osm_way_id=822707391
2026-08-30 10:03:17,817 INFO theroadragetrip.police: Speed camera 12 placed at x=429388.4 y=7210641.8 heading=5.6 deg limit=30 km/h osm_way_id=899908136
2026-08-30 10:03:17,817 INFO theroadragetrip.police: Speed camera 13 placed at x=427478.6 y=7212062.5 heading=171.7 deg limit=30 km/h osm_way_id=41747319
2026-08-30 10:03:17,817 INFO theroadragetrip.police: Speed camera 14 placed at x=429504.0 y=7209919.6 heading=-102.3 deg limit=50 km/h osm_way_id=35133941
2026-08-30 10:03:17,817 INFO theroadragetrip.police: Speed camera 15 placed at x=427263.6 y=7209195.1 heading=137.4 deg limit=30 km/h osm_way_id=1218202913
2026-08-30 10:03:17,818 INFO theroadragetrip.police: Speed camera 16 placed at x=428487.2 y=7210946.8 heading=53.1 deg limit=30 km/h osm_way_id=24971096
2026-08-30 10:03:17,818 INFO theroadragetrip.police: Speed camera 17 placed at x=427927.8 y=7209365.7 heading=84.8 deg limit=20 km/h osm_way_id=95064884
2026-08-30 10:03:17,818 INFO theroadragetrip.police: Speed camera 18 placed at x=426397.1 y=7208845.5 heading=60.3 deg limit=30 km/h osm_way_id=815689682
2026-08-30 10:03:17,818 INFO theroadragetrip.police: Speed camera 19 placed at x=427895.5 y=7212115.4 heading=-110.1 deg limit=40 km/h osm_way_id=23080176
2026-08-30 10:03:17,818 INFO theroadragetrip.police: Speed camera 20 placed at x=427206.4 y=7208732.0 heading=93.1 deg limit=30 km/h osm_way_id=907117387
2026-08-30 10:03:17,818 INFO theroadragetrip.main: Placed 20 hidden speed cameras
2026-08-30 10:03:17,847 INFO theroadragetrip.main: Target NPC traffic: 50 cars for 12865 road ways
2026-08-30 10:03:17,876 INFO theroadragetrip.main: Placed 1 police patrol cars among NPC traffic
2026-08-30 10:03:18,128 INFO theroadragetrip.main: Entering gameplay loop
2026-08-30 10:03:18,144 INFO theroadragetrip.main: Gameplay frame: start
2026-08-30 10:03:18,144 INFO theroadragetrip.main: Gameplay frame: events complete
2026-08-30 10:03:18,145 INFO theroadragetrip.main: Gameplay frame: physics complete
2026-08-30 10:03:18,157 INFO theroadragetrip.main: Gameplay frame: collision checks complete
2026-08-30 10:03:18,161 INFO theroadragetrip.brawl: Taxi brawl challenged: opponent=(428300.3, 7210914.5) rage=0%
2026-08-30 10:03:18,210 INFO theroadragetrip.main: Gameplay frame: map update complete
2026-08-30 10:03:18,210 INFO theroadragetrip.main: Gameplay frame: rendering scenery
2026-08-30 10:03:18,274 INFO theroadragetrip.main: Gameplay frame: rendering water
2026-08-30 10:03:18,277 INFO theroadragetrip.main: Gameplay frame: rendering buildings
2026-08-30 10:03:18,367 INFO theroadragetrip.main: Gameplay frame: rendering roads
2026-08-30 10:03:18,402 INFO theroadragetrip.main: Gameplay frame: rendering overlays
2026-08-30 10:03:18,428 INFO theroadragetrip.main: Gameplay frame: flipping display
2026-08-30 10:03:18,428 INFO theroadragetrip.main: Gameplay frame: complete
2026-08-30 10:03:21,535 INFO theroadragetrip.brawl: Taxi brawl started: drivers exited cars
2026-08-30 10:03:23,522 INFO theroadragetrip.traffic: Traffic active: 17 NPC cars on roads (1 in view)
2026-08-30 10:03:24,057 INFO theroadragetrip.brawl: Taxi brawl result: winner=opponent rage=0%
2026-08-30 10:03:26,071 INFO theroadragetrip.brawl: Taxi brawl finished: winner=opponent loser_departing=False
2026-08-30 10:03:26,071 INFO theroadragetrip.brawl: Taxi brawl cleanup: escaped=False cooldown=45.0s opponent_removed=True
2026-08-30 10:03:28,505 INFO theroadragetrip.traffic: Traffic active: 17 NPC cars on roads (0 in view)
2026-08-30 10:04:49,964 INFO theroadragetrip.main: Selected starting city: Oulu (bbox: (64.993982, 25.425347, 65.030018, 25.510653))
2026-08-30 10:04:50,155 INFO theroadragetrip.osm: Loaded OSM data from local cache
2026-08-30 10:04:50,282 INFO theroadragetrip.osm: Parsed 146323 OSM elements: 124027 nodes, 21946 ways, 303 relations
2026-08-30 10:04:50,293 INFO theroadragetrip.osm: Transforming 124027 node coordinates to EPSG:3067...
2026-08-30 10:04:50,369 INFO theroadragetrip.osm: Coordinate transformation finished in 0.209s (122603 nodes)
2026-08-30 10:04:55,179 INFO theroadragetrip.osm: Map generation complete in 5.018s: 12865 roads, 201 waters, 4187 buildings, 3314 scenery polygons, 1173 places, 776 traffic signals, 1024 crossings
2026-08-30 10:04:55,200 INFO theroadragetrip.roadworks: Roadwork generated: osm_way_id=1200901669 start=(429058.1, 7211446.7) end=(429081.5, 7211489.3) length=48.6m closure=one-lane
2026-08-30 10:04:55,200 INFO theroadragetrip.roadworks: Roadwork generated: osm_way_id=31349832 start=(429835.9, 7209148.3) end=(429781.4, 7209152.1) length=54.7m closure=one-lane
2026-08-30 10:04:55,201 INFO theroadragetrip.roadworks: Roadwork generated: osm_way_id=24809795 start=(427265.3, 7210535.5) end=(427290.1, 7210572.8) length=44.9m closure=one-lane
2026-08-30 10:04:55,201 INFO theroadragetrip.main: Created 3 random roadworks (6 temporary lights)
2026-08-30 10:04:55,308 INFO theroadragetrip.police: Speed camera 1 placed at x=427673.3 y=7208811.4 heading=-177.7 deg limit=30 km/h osm_way_id=878945449
2026-08-30 10:04:55,308 INFO theroadragetrip.police: Speed camera 2 placed at x=427673.8 y=7209504.0 heading=-78.8 deg limit=30 km/h osm_way_id=1015439161
2026-08-30 10:04:55,308 INFO theroadragetrip.police: Speed camera 3 placed at x=429233.8 y=7212567.2 heading=57.3 deg limit=50 km/h osm_way_id=479158173
2026-08-30 10:04:55,308 INFO theroadragetrip.police: Speed camera 4 placed at x=427059.1 y=7209945.5 heading=-33.6 deg limit=30 km/h osm_way_id=888458810
2026-08-30 10:04:55,308 INFO theroadragetrip.police: Speed camera 5 placed at x=429655.6 y=7209446.1 heading=69.7 deg limit=50 km/h osm_way_id=19751221
2026-08-30 10:04:55,308 INFO theroadragetrip.police: Speed camera 6 placed at x=427265.3 y=7210020.9 heading=-31.2 deg limit=30 km/h osm_way_id=113938028
2026-08-30 10:04:55,308 INFO theroadragetrip.police: Speed camera 7 placed at x=428988.4 y=7210246.5 heading=56.6 deg limit=30 km/h osm_way_id=39888635
2026-08-30 10:04:55,308 INFO theroadragetrip.police: Speed camera 8 placed at x=427477.6 y=7209760.9 heading=146.8 deg limit=30 km/h osm_way_id=894146296
2026-08-30 10:04:55,309 INFO theroadragetrip.police: Speed camera 9 placed at x=429413.5 y=7212265.8 heading=-177.4 deg limit=60 km/h osm_way_id=1056487105
2026-08-30 10:04:55,309 INFO theroadragetrip.police: Speed camera 10 placed at x=427306.6 y=7208686.9 heading=2.3 deg limit=30 km/h osm_way_id=907117384
2026-08-30 10:04:55,309 INFO theroadragetrip.police: Speed camera 11 placed at x=428839.5 y=7210553.7 heading=-122.2 deg limit=30 km/h osm_way_id=39888287
2026-08-30 10:04:55,309 INFO theroadragetrip.police: Speed camera 12 placed at x=425699.3 y=7211774.9 heading=-20.6 deg limit=50 km/h osm_way_id=1082528254
2026-08-30 10:04:55,309 INFO theroadragetrip.police: Speed camera 13 placed at x=427270.5 y=7209858.8 heading=-123.1 deg limit=30 km/h osm_way_id=887742867
2026-08-30 10:04:55,309 INFO theroadragetrip.police: Speed camera 14 placed at x=428809.3 y=7208614.6 heading=98.5 deg limit=30 km/h osm_way_id=26358944
2026-08-30 10:04:55,309 INFO theroadragetrip.police: Speed camera 15 placed at x=427532.7 y=7211450.0 heading=165.1 deg limit=30 km/h osm_way_id=944580901
2026-08-30 10:04:55,309 INFO theroadragetrip.police: Speed camera 16 placed at x=429713.1 y=7211910.2 heading=-78.4 deg limit=50 km/h osm_way_id=580616781
2026-08-30 10:04:55,309 INFO theroadragetrip.police: Speed camera 17 placed at x=426308.3 y=7212630.9 heading=-175.4 deg limit=30 km/h osm_way_id=1221591663
2026-08-30 10:04:55,309 INFO theroadragetrip.police: Speed camera 18 placed at x=427744.0 y=7209043.4 heading=-178.5 deg limit=30 km/h osm_way_id=884074072
2026-08-30 10:04:55,309 INFO theroadragetrip.police: Speed camera 19 placed at x=429502.7 y=7211572.7 heading=-30.6 deg limit=30 km/h osm_way_id=1248040637
2026-08-30 10:04:55,309 INFO theroadragetrip.police: Speed camera 20 placed at x=425836.9 y=7211841.3 heading=6.2 deg limit=30 km/h osm_way_id=87292681
2026-08-30 10:04:55,309 INFO theroadragetrip.main: Placed 20 hidden speed cameras
2026-08-30 10:04:55,337 INFO theroadragetrip.main: Target NPC traffic: 50 cars for 12865 road ways
2026-08-30 10:04:55,365 INFO theroadragetrip.main: Placed 1 police patrol cars among NPC traffic
2026-08-30 10:04:55,596 INFO theroadragetrip.main: Entering gameplay loop
2026-08-30 10:04:55,612 INFO theroadragetrip.main: Gameplay frame: start
2026-08-30 10:04:55,613 INFO theroadragetrip.main: Gameplay frame: events complete
2026-08-30 10:04:55,613 INFO theroadragetrip.main: Gameplay frame: physics complete
2026-08-30 10:04:55,619 INFO theroadragetrip.main: Gameplay frame: collision checks complete
2026-08-30 10:04:55,620 INFO theroadragetrip.brawl: Taxi brawl challenged: opponent=(428390.4, 7212225.9) rage=0%
2026-08-30 10:04:55,636 INFO theroadragetrip.main: Gameplay frame: map update complete
2026-08-30 10:04:55,636 INFO theroadragetrip.main: Gameplay frame: rendering scenery
2026-08-30 10:04:55,681 INFO theroadragetrip.main: Gameplay frame: rendering water
2026-08-30 10:04:55,684 INFO theroadragetrip.main: Gameplay frame: rendering buildings
2026-08-30 10:04:55,725 INFO theroadragetrip.main: Gameplay frame: rendering roads
2026-08-30 10:04:55,744 INFO theroadragetrip.main: Gameplay frame: rendering overlays
2026-08-30 10:04:55,769 INFO theroadragetrip.main: Gameplay frame: flipping display
2026-08-30 10:04:55,769 INFO theroadragetrip.main: Gameplay frame: complete
2026-08-30 10:04:58,745 INFO theroadragetrip.brawl: Taxi brawl started: drivers exited cars
2026-08-30 10:05:00,718 INFO theroadragetrip.traffic: Traffic active: 17 NPC cars on roads (2 in view)
2026-08-30 10:05:01,243 INFO theroadragetrip.brawl: Taxi brawl result: winner=opponent rage=0%
2026-08-30 10:07:08,195 INFO theroadragetrip.main: Selected starting city: Oulu (bbox: (64.993982, 25.425347, 65.030018, 25.510653))
2026-08-30 10:07:08,392 INFO theroadragetrip.osm: Loaded OSM data from local cache
2026-08-30 10:07:08,521 INFO theroadragetrip.osm: Parsed 146323 OSM elements: 124027 nodes, 21946 ways, 303 relations
2026-08-30 10:07:08,533 INFO theroadragetrip.osm: Transforming 124027 node coordinates to EPSG:3067...
2026-08-30 10:07:08,612 INFO theroadragetrip.osm: Coordinate transformation finished in 0.212s (122603 nodes)
2026-08-30 10:07:13,448 INFO theroadragetrip.osm: Map generation complete in 5.048s: 12865 roads, 201 waters, 4187 buildings, 3314 scenery polygons, 1173 places, 776 traffic signals, 1024 crossings
2026-08-30 10:07:13,469 INFO theroadragetrip.roadworks: Roadwork generated: osm_way_id=612785436 start=(427958.7, 7209329.3) end=(427959.2, 7209366.5) length=37.3m closure=one-lane
2026-08-30 10:07:13,470 INFO theroadragetrip.roadworks: Roadwork generated: osm_way_id=1169280261 start=(428468.9, 7209848.8) end=(428492.5, 7209885.5) length=43.6m closure=one-lane
2026-08-30 10:07:13,470 INFO theroadragetrip.roadworks: Roadwork generated: osm_way_id=128125667 start=(427023.9, 7210043.8) end=(427058.5, 7210062.2) length=39.3m closure=one-lane
2026-08-30 10:07:13,470 INFO theroadragetrip.main: Created 3 random roadworks (6 temporary lights)
2026-08-30 10:07:13,579 INFO theroadragetrip.police: Speed camera 1 placed at x=426591.8 y=7208820.3 heading=57.2 deg limit=50 km/h osm_way_id=815689681
2026-08-30 10:07:13,579 INFO theroadragetrip.police: Speed camera 2 placed at x=429073.9 y=7209195.0 heading=98.9 deg limit=30 km/h osm_way_id=1191937048
2026-08-30 10:07:13,579 INFO theroadragetrip.police: Speed camera 3 placed at x=428938.7 y=7210484.6 heading=-123.2 deg limit=30 km/h osm_way_id=87493888
2026-08-30 10:07:13,580 INFO theroadragetrip.police: Speed camera 4 placed at x=427596.3 y=7208858.1 heading=92.6 deg limit=50 km/h osm_way_id=479095143
2026-08-30 10:07:13,580 INFO theroadragetrip.police: Speed camera 5 placed at x=429070.2 y=7210244.3 heading=-32.4 deg limit=30 km/h osm_way_id=346393279
2026-08-30 10:07:13,580 INFO theroadragetrip.police: Speed camera 6 placed at x=426164.2 y=7209977.2 heading=-143.1 deg limit=30 km/h osm_way_id=886389800
2026-08-30 10:07:13,580 INFO theroadragetrip.police: Speed camera 7 placed at x=428885.3 y=7212148.5 heading=-2.9 deg limit=30 km/h osm_way_id=87221721
2026-08-30 10:07:13,580 INFO theroadragetrip.police: Speed camera 8 placed at x=429257.7 y=7209908.7 heading=-8.9 deg limit=60 km/h osm_way_id=35133929
2026-08-30 10:07:13,580 INFO theroadragetrip.police: Speed camera 9 placed at x=428734.6 y=7211907.4 heading=2.1 deg limit=30 km/h osm_way_id=1201123088
2026-08-30 10:07:13,580 INFO theroadragetrip.police: Speed camera 10 placed at x=429118.8 y=7210386.7 heading=-45.7 deg limit=30 km/h osm_way_id=1200888312
2026-08-30 10:07:13,580 INFO theroadragetrip.police: Speed camera 11 placed at x=429153.2 y=7211726.0 heading=-90.3 deg limit=50 km/h osm_way_id=10626259
2026-08-30 10:07:13,580 INFO theroadragetrip.police: Speed camera 12 placed at x=429758.9 y=7209864.8 heading=121.6 deg limit=60 km/h osm_way_id=727880654
2026-08-30 10:07:13,580 INFO theroadragetrip.police: Speed camera 13 placed at x=427892.6 y=7211176.4 heading=115.3 deg limit=50 km/h osm_way_id=185571108
2026-08-30 10:07:13,580 INFO theroadragetrip.police: Speed camera 14 placed at x=429356.4 y=7210548.1 heading=-173.3 deg limit=30 km/h osm_way_id=29419595
2026-08-30 10:07:13,580 INFO theroadragetrip.police: Speed camera 15 placed at x=429760.9 y=7209560.9 heading=86.8 deg limit=30 km/h osm_way_id=154122916
2026-08-30 10:07:13,580 INFO theroadragetrip.police: Speed camera 16 placed at x=428638.9 y=7211584.5 heading=35.5 deg limit=30 km/h osm_way_id=87340513
2026-08-30 10:07:13,580 INFO theroadragetrip.police: Speed camera 17 placed at x=427052.8 y=7212307.8 heading=-124.6 deg limit=30 km/h osm_way_id=88482022
2026-08-30 10:07:13,581 INFO theroadragetrip.police: Speed camera 18 placed at x=429222.6 y=7208810.9 heading=-15.8 deg limit=30 km/h osm_way_id=105138158
2026-08-30 10:07:13,581 INFO theroadragetrip.police: Speed camera 19 placed at x=427657.2 y=7208846.0 heading=-177.0 deg limit=30 km/h osm_way_id=878945447
2026-08-30 10:07:13,581 INFO theroadragetrip.police: Speed camera 20 placed at x=429752.5 y=7209719.4 heading=144.0 deg limit=60 km/h osm_way_id=708289733
2026-08-30 10:07:13,581 INFO theroadragetrip.main: Placed 20 hidden speed cameras
2026-08-30 10:07:13,608 INFO theroadragetrip.main: Target NPC traffic: 50 cars for 12865 road ways
2026-08-30 10:07:13,635 INFO theroadragetrip.main: Placed 1 police patrol cars among NPC traffic
2026-08-30 10:07:13,860 INFO theroadragetrip.main: Entering gameplay loop
2026-08-30 10:07:13,876 INFO theroadragetrip.main: Gameplay frame: start
2026-08-30 10:07:13,876 INFO theroadragetrip.main: Gameplay frame: events complete
2026-08-30 10:07:13,877 INFO theroadragetrip.main: Gameplay frame: physics complete
2026-08-30 10:07:13,881 INFO theroadragetrip.main: Gameplay frame: collision checks complete
2026-08-30 10:07:13,895 INFO theroadragetrip.main: Gameplay frame: map update complete
2026-08-30 10:07:13,895 INFO theroadragetrip.main: Gameplay frame: rendering scenery
2026-08-30 10:07:13,957 INFO theroadragetrip.main: Gameplay frame: rendering water
2026-08-30 10:07:13,960 INFO theroadragetrip.main: Gameplay frame: rendering buildings
2026-08-30 10:07:14,046 INFO theroadragetrip.main: Gameplay frame: rendering roads
2026-08-30 10:07:14,081 INFO theroadragetrip.main: Gameplay frame: rendering overlays
2026-08-30 10:07:14,101 INFO theroadragetrip.main: Gameplay frame: flipping display
2026-08-30 10:07:14,101 INFO theroadragetrip.main: Gameplay frame: complete
2026-08-30 10:07:19,195 INFO theroadragetrip.traffic: Traffic active: 17 NPC cars on roads (1 in view)
2026-08-30 10:07:24,299 INFO theroadragetrip.traffic: Traffic active: 17 NPC cars on roads (1 in view)
2026-08-30 10:07:29,343 INFO theroadragetrip.traffic: Traffic active: 17 NPC cars on roads (1 in view)
2026-08-30 10:07:30,731 INFO theroadragetrip.taxi: Taxi phone offers generated: count=1 pickup_distances=[563]
2026-08-30 10:07:34,340 INFO theroadragetrip.traffic: Traffic active: 17 NPC cars on roads (1 in view)
2026-08-30 10:07:39,340 INFO theroadragetrip.traffic: Traffic active: 17 NPC cars on roads (1 in view)
2026-08-30 10:07:44,314 INFO theroadragetrip.traffic: Traffic active: 17 NPC cars on roads (1 in view)
2026-08-30 10:07:46,384 INFO theroadragetrip.pedestrian: Pedestrian heading to taxi stop: x=428077.5 y=7212244.6 spawned=True
2026-08-30 10:07:49,288 INFO theroadragetrip.traffic: Traffic active: 17 NPC cars on roads (0 in view)
2026-08-30 10:07:54,356 INFO theroadragetrip.traffic: Traffic active: 17 NPC cars on roads (1 in view)
2026-08-30 10:07:59,402 INFO theroadragetrip.traffic: Traffic active: 17 NPC cars on roads (1 in view)
2026-08-30 10:08:04,425 INFO theroadragetrip.traffic: Traffic active: 17 NPC cars on roads (1 in view)
2026-08-30 10:08:09,429 INFO theroadragetrip.traffic: Traffic active: 17 NPC cars on roads (0 in view)
2026-08-30 10:08:14,420 INFO theroadragetrip.traffic: Traffic active: 17 NPC cars on roads (0 in view)
2026-08-30 10:08:19,425 INFO theroadragetrip.traffic: Traffic active: 17 NPC cars on roads (0 in view)
2026-08-30 10:08:24,432 INFO theroadragetrip.traffic: Traffic active: 17 NPC cars on roads (0 in view)
2026-08-30 10:11:22,950 INFO theroadragetrip.main: Selected starting city: Oulu (bbox: (64.993982, 25.425347, 65.030018, 25.510653))
2026-08-30 10:11:23,142 INFO theroadragetrip.osm: Loaded OSM data from local cache
2026-08-30 10:11:23,270 INFO theroadragetrip.osm: Parsed 146323 OSM elements: 124027 nodes, 21946 ways, 303 relations
2026-08-30 10:11:23,281 INFO theroadragetrip.osm: Transforming 124027 node coordinates to EPSG:3067...
2026-08-30 10:11:23,360 INFO theroadragetrip.osm: Coordinate transformation finished in 0.213s (122603 nodes)
2026-08-30 10:11:28,207 INFO theroadragetrip.osm: Map generation complete in 5.060s: 12865 roads, 201 waters, 4187 buildings, 3314 scenery polygons, 1173 places, 776 traffic signals, 1024 crossings
2026-08-30 10:11:28,228 INFO theroadragetrip.roadworks: Roadwork generated: osm_way_id=19745759 start=(426732.7, 7209355.1) end=(426749.9, 7209329.9) length=30.6m closure=full-road
2026-08-30 10:11:28,228 INFO theroadragetrip.roadworks: Roadwork generated: osm_way_id=1180052374 start=(429292.7, 7211712.2) end=(429270.5, 7211742.2) length=51.5m closure=one-lane
2026-08-30 10:11:28,228 INFO theroadragetrip.roadworks: Roadwork generated: osm_way_id=28671940 start=(428284.7, 7210068.8) end=(428258.3, 7210025.4) length=50.8m closure=full-road
2026-08-30 10:11:28,229 INFO theroadragetrip.main: Created 3 random roadworks (2 temporary lights)
2026-08-30 10:11:28,337 INFO theroadragetrip.police: Speed camera 1 placed at x=429662.8 y=7212001.6 heading=89.1 deg limit=30 km/h osm_way_id=145235344
2026-08-30 10:11:28,337 INFO theroadragetrip.police: Speed camera 2 placed at x=429108.4 y=7211998.9 heading=-44.0 deg limit=50 km/h osm_way_id=71741819
2026-08-30 10:11:28,337 INFO theroadragetrip.police: Speed camera 3 placed at x=428274.2 y=7209288.7 heading=-161.6 deg limit=30 km/h osm_way_id=239370346
2026-08-30 10:11:28,337 INFO theroadragetrip.police: Speed camera 4 placed at x=429542.9 y=7212035.1 heading=88.9 deg limit=30 km/h osm_way_id=145235337
2026-08-30 10:11:28,338 INFO theroadragetrip.police: Speed camera 5 placed at x=429761.6 y=7209712.8 heading=144.0 deg limit=60 km/h osm_way_id=708289733
2026-08-30 10:11:28,338 INFO theroadragetrip.police: Speed camera 6 placed at x=427909.6 y=7209755.0 heading=145.0 deg limit=30 km/h osm_way_id=1039926467
2026-08-30 10:11:28,338 INFO theroadragetrip.police: Speed camera 7 placed at x=426302.1 y=7211278.0 heading=-16.4 deg limit=30 km/h osm_way_id=87294861
2026-08-30 10:11:28,338 INFO theroadragetrip.police: Speed camera 8 placed at x=429735.0 y=7209906.5 heading=117.8 deg limit=60 km/h osm_way_id=93464848
2026-08-30 10:11:28,338 INFO theroadragetrip.police: Speed camera 9 placed at x=428684.1 y=7212126.0 heading=-1.7 deg limit=40 km/h osm_way_id=34108611
2026-08-30 10:11:28,338 INFO theroadragetrip.police: Speed camera 10 placed at x=427175.5 y=7212538.5 heading=71.5 deg limit=30 km/h osm_way_id=69981959
2026-08-30 10:11:28,338 INFO theroadragetrip.police: Speed camera 11 placed at x=428987.0 y=7211988.0 heading=179.1 deg limit=30 km/h osm_way_id=111588081
2026-08-30 10:11:28,338 INFO theroadragetrip.police: Speed camera 12 placed at x=429409.6 y=7210586.3 heading=6.0 deg limit=50 km/h osm_way_id=620943721
2026-08-30 10:11:28,338 INFO theroadragetrip.police: Speed camera 13 placed at x=429460.0 y=7210053.9 heading=-11.8 deg limit=30 km/h osm_way_id=104228489
2026-08-30 10:11:28,338 INFO theroadragetrip.police: Speed camera 14 placed at x=426999.3 y=7208926.1 heading=58.4 deg limit=30 km/h osm_way_id=1221721949
2026-08-30 10:11:28,338 INFO theroadragetrip.police: Speed camera 15 placed at x=427105.6 y=7211370.9 heading=141.6 deg limit=30 km/h osm_way_id=1064119799
2026-08-30 10:11:28,338 INFO theroadragetrip.police: Speed camera 16 placed at x=427700.3 y=7210928.1 heading=145.7 deg limit=30 km/h osm_way_id=1288616979
2026-08-30 10:11:28,338 INFO theroadragetrip.police: Speed camera 17 placed at x=428203.9 y=7210977.1 heading=146.0 deg limit=30 km/h osm_way_id=1174583612
2026-08-30 10:11:28,338 INFO theroadragetrip.police: Speed camera 18 placed at x=426041.6 y=7211672.4 heading=69.8 deg limit=30 km/h osm_way_id=87292669
2026-08-30 10:11:28,339 INFO theroadragetrip.police: Speed camera 19 placed at x=429789.9 y=7212302.0 heading=-171.0 deg limit=60 km/h osm_way_id=1056487107
2026-08-30 10:11:28,339 INFO theroadragetrip.police: Speed camera 20 placed at x=428477.3 y=7208621.3 heading=-89.1 deg limit=40 km/h osm_way_id=981325102
2026-08-30 10:11:28,339 INFO theroadragetrip.main: Placed 20 hidden speed cameras
2026-08-30 10:11:28,364 INFO theroadragetrip.main: Target NPC traffic: 50 cars for 12865 road ways
2026-08-30 10:11:28,389 INFO theroadragetrip.main: Placed 1 police patrol cars among NPC traffic
2026-08-30 10:11:28,618 INFO theroadragetrip.main: Entering gameplay loop
2026-08-30 10:11:28,635 INFO theroadragetrip.main: Gameplay frame: start
2026-08-30 10:11:28,635 INFO theroadragetrip.main: Gameplay frame: events complete
2026-08-30 10:11:28,635 INFO theroadragetrip.main: Gameplay frame: physics complete
2026-08-30 10:11:28,640 INFO theroadragetrip.main: Gameplay frame: collision checks complete
2026-08-30 10:11:28,663 INFO theroadragetrip.main: Gameplay frame: map update complete
2026-08-30 10:11:28,664 INFO theroadragetrip.main: Gameplay frame: rendering scenery
2026-08-30 10:11:28,728 INFO theroadragetrip.main: Gameplay frame: rendering water
2026-08-30 10:11:28,731 INFO theroadragetrip.main: Gameplay frame: rendering buildings
2026-08-30 10:11:28,822 INFO theroadragetrip.main: Gameplay frame: rendering roads
2026-08-30 10:11:28,857 INFO theroadragetrip.main: Gameplay frame: rendering overlays
2026-08-30 10:11:28,886 INFO theroadragetrip.main: Gameplay frame: flipping display
2026-08-30 10:11:28,887 INFO theroadragetrip.main: Gameplay frame: complete
2026-08-30 10:11:29,513 INFO theroadragetrip.brawl: Taxi brawl challenged: stop=(427672.7, 7210830.4) opponent=(427831.1, 7211008.8) distance=238.6m rage=0%
2026-08-30 10:11:33,902 INFO theroadragetrip.traffic: Traffic active: 17 NPC cars on roads (1 in view)
2026-08-30 10:11:38,932 INFO theroadragetrip.traffic: Traffic active: 17 NPC cars on roads (1 in view)
2026-08-30 10:11:43,008 INFO theroadragetrip.taxi: Taxi phone offers generated: count=1 pickup_distances=[450]
2026-08-30 10:11:43,996 INFO theroadragetrip.traffic: Traffic active: 17 NPC cars on roads (2 in view)
2026-08-30 10:11:48,818 INFO theroadragetrip.brawl: Taxi brawl challenger arrived at taxi stop
2026-08-30 10:11:49,019 INFO theroadragetrip.traffic: Traffic active: 17 NPC cars on roads (2 in view)
2026-08-30 10:11:51,831 INFO theroadragetrip.brawl: Taxi brawl started: drivers exited cars
2026-08-30 10:11:54,011 INFO theroadragetrip.traffic: Traffic active: 17 NPC cars on roads (2 in view)
2026-08-30 10:11:54,344 INFO theroadragetrip.brawl: Taxi brawl result: winner=opponent rage=0%
2026-08-30 10:11:56,351 INFO theroadragetrip.brawl: Taxi brawl finished: winner=opponent loser_departing=False
2026-08-30 10:11:56,351 INFO theroadragetrip.brawl: Taxi brawl cleanup: escaped=False cooldown=45.0s opponent_removed=True
2026-08-30 10:11:59,010 INFO theroadragetrip.traffic: Traffic active: 17 NPC cars on roads (1 in view)
2026-08-30 10:12:03,995 INFO theroadragetrip.traffic: Traffic active: 17 NPC cars on roads (1 in view)
2026-08-30 10:12:08,989 INFO theroadragetrip.traffic: Traffic active: 17 NPC cars on roads (4 in view)
2026-08-30 10:12:14,089 INFO theroadragetrip.traffic: Traffic active: 17 NPC cars on roads (3 in view)
2026-08-30 10:12:19,136 INFO theroadragetrip.traffic: Traffic active: 17 NPC cars on roads (3 in view)
2026-08-30 10:12:24,148 INFO theroadragetrip.traffic: Traffic active: 17 NPC cars on roads (3 in view)
2026-08-30 10:12:29,129 INFO theroadragetrip.traffic: Traffic active: 17 NPC cars on roads (4 in view)
2026-08-30 10:12:34,127 INFO theroadragetrip.traffic: Traffic active: 17 NPC cars on roads (4 in view)
2026-08-30 10:12:39,103 INFO theroadragetrip.traffic: Traffic active: 17 NPC cars on roads (4 in view)
2026-08-30 10:12:41,277 INFO theroadragetrip.brawl: Taxi brawl challenged: stop=(427672.7, 7210830.4) opponent=(427627.4, 7210983.8) distance=159.9m rage=0%
2026-08-30 10:14:25,168 INFO theroadragetrip.main: Selected starting city: Oulu (bbox: (64.993982, 25.425347, 65.030018, 25.510653))
2026-08-30 10:14:25,368 INFO theroadragetrip.osm: Loaded OSM data from local cache
2026-08-30 10:14:25,497 INFO theroadragetrip.osm: Parsed 146323 OSM elements: 124027 nodes, 21946 ways, 303 relations
2026-08-30 10:14:25,508 INFO theroadragetrip.osm: Transforming 124027 node coordinates to EPSG:3067...
2026-08-30 10:14:25,582 INFO theroadragetrip.osm: Coordinate transformation finished in 0.206s (122603 nodes)
2026-08-30 10:14:30,431 INFO theroadragetrip.osm: Map generation complete in 5.055s: 12865 roads, 201 waters, 4187 buildings, 3314 scenery polygons, 1173 places, 776 traffic signals, 1024 crossings
2026-08-30 10:14:30,452 INFO theroadragetrip.roadworks: Roadwork generated: osm_way_id=1200863593 start=(428518.9, 7209881.0) end=(428528.8, 7209837.4) length=44.8m closure=one-lane
2026-08-30 10:14:30,452 INFO theroadragetrip.roadworks: Roadwork generated: osm_way_id=812375330 start=(429699.3, 7211287.8) end=(429703.1, 7211321.8) length=34.2m closure=one-lane
2026-08-30 10:14:30,452 INFO theroadragetrip.roadworks: Roadwork generated: osm_way_id=1056487105 start=(429457.7, 7212267.9) end=(429415.4, 7212265.9) length=42.3m closure=full-road
2026-08-30 10:14:30,452 INFO theroadragetrip.main: Created 3 random roadworks (4 temporary lights)
2026-08-30 10:14:30,568 INFO theroadragetrip.police: Speed camera 1 placed at x=429436.3 y=7210176.4 heading=147.3 deg limit=30 km/h osm_way_id=1184877958
2026-08-30 10:14:30,568 INFO theroadragetrip.police: Speed camera 2 placed at x=428346.0 y=7210912.9 heading=-34.1 deg limit=30 km/h osm_way_id=877996885
2026-08-30 10:14:30,568 INFO theroadragetrip.police: Speed camera 3 placed at x=427650.4 y=7209068.4 heading=-87.8 deg limit=30 km/h osm_way_id=766834535
2026-08-30 10:14:30,568 INFO theroadragetrip.police: Speed camera 4 placed at x=429610.9 y=7210610.7 heading=7.6 deg limit=50 km/h osm_way_id=20189907
2026-08-30 10:14:30,568 INFO theroadragetrip.police: Speed camera 5 placed at x=428963.3 y=7210460.4 heading=-123.3 deg limit=30 km/h osm_way_id=87493893
2026-08-30 10:14:30,568 INFO theroadragetrip.police: Speed camera 6 placed at x=429555.8 y=7211279.8 heading=-123.2 deg limit=30 km/h osm_way_id=88328204
2026-08-30 10:14:30,568 INFO theroadragetrip.police: Speed camera 7 placed at x=428337.1 y=7210206.0 heading=146.0 deg limit=30 km/h osm_way_id=28445069
2026-08-30 10:14:30,568 INFO theroadragetrip.police: Speed camera 8 placed at x=428188.4 y=7211954.8 heading=87.9 deg limit=30 km/h osm_way_id=946126276
2026-08-30 10:14:30,568 INFO theroadragetrip.police: Speed camera 9 placed at x=428708.2 y=7209799.0 heading=-29.3 deg limit=30 km/h osm_way_id=25189914
2026-08-30 10:14:30,568 INFO theroadragetrip.police: Speed camera 10 placed at x=429609.9 y=7209974.1 heading=95.4 deg limit=100 km/h osm_way_id=35133936
2026-08-30 10:14:30,568 INFO theroadragetrip.police: Speed camera 11 placed at x=427548.2 y=7212542.5 heading=-109.0 deg limit=30 km/h osm_way_id=1095544530
2026-08-30 10:14:30,569 INFO theroadragetrip.police: Speed camera 12 placed at x=428516.4 y=7210744.7 heading=-123.4 deg limit=30 km/h osm_way_id=165740319
2026-08-30 10:14:30,569 INFO theroadragetrip.police: Speed camera 13 placed at x=429673.2 y=7209489.5 heading=65.1 deg limit=50 km/h osm_way_id=19751221
2026-08-30 10:14:30,569 INFO theroadragetrip.police: Speed camera 14 placed at x=427845.3 y=7210368.9 heading=55.9 deg limit=30 km/h osm_way_id=1288840065
2026-08-30 10:14:30,569 INFO theroadragetrip.police: Speed camera 15 placed at x=427941.6 y=7212163.4 heading=68.2 deg limit=50 km/h osm_way_id=1201123098
2026-08-30 10:14:30,569 INFO theroadragetrip.police: Speed camera 16 placed at x=427339.6 y=7209229.6 heading=-43.9 deg limit=30 km/h osm_way_id=1173402763
2026-08-30 10:14:30,569 INFO theroadragetrip.police: Speed camera 17 placed at x=429045.2 y=7212081.1 heading=121.9 deg limit=50 km/h osm_way_id=87221881
2026-08-30 10:14:30,569 INFO theroadragetrip.police: Speed camera 18 placed at x=427731.5 y=7209767.9 heading=-3.3 deg limit=30 km/h osm_way_id=909734521
2026-08-30 10:14:30,569 INFO theroadragetrip.police: Speed camera 19 placed at x=428875.0 y=7212491.7 heading=-100.6 deg limit=30 km/h osm_way_id=87759399
2026-08-30 10:14:30,569 INFO theroadragetrip.police: Speed camera 20 placed at x=426670.7 y=7212704.1 heading=-164.0 deg limit=50 km/h osm_way_id=1186549165
2026-08-30 10:14:30,569 INFO theroadragetrip.main: Placed 20 hidden speed cameras
2026-08-30 10:14:30,597 INFO theroadragetrip.main: Target NPC traffic: 50 cars for 12865 road ways
2026-08-30 10:14:30,626 INFO theroadragetrip.main: Placed 1 police patrol cars among NPC traffic
2026-08-30 10:14:30,848 INFO theroadragetrip.main: Entering gameplay loop
2026-08-30 10:14:30,864 INFO theroadragetrip.main: Gameplay frame: start
2026-08-30 10:14:30,865 INFO theroadragetrip.main: Gameplay frame: events complete
2026-08-30 10:14:30,865 INFO theroadragetrip.main: Gameplay frame: physics complete
2026-08-30 10:14:30,869 INFO theroadragetrip.main: Gameplay frame: collision checks complete
2026-08-30 10:14:30,885 INFO theroadragetrip.main: Gameplay frame: map update complete
2026-08-30 10:14:30,885 INFO theroadragetrip.main: Gameplay frame: rendering scenery
2026-08-30 10:14:30,947 INFO theroadragetrip.main: Gameplay frame: rendering water
2026-08-30 10:14:30,950 INFO theroadragetrip.main: Gameplay frame: rendering buildings
2026-08-30 10:14:31,039 INFO theroadragetrip.main: Gameplay frame: rendering roads
2026-08-30 10:14:31,073 INFO theroadragetrip.main: Gameplay frame: rendering overlays
2026-08-30 10:14:31,096 INFO theroadragetrip.main: Gameplay frame: flipping display
2026-08-30 10:14:31,096 INFO theroadragetrip.main: Gameplay frame: complete
2026-08-30 10:14:31,746 INFO theroadragetrip.brawl: Taxi brawl challenged: stop=(428584.8, 7210448.0) opponent=(428499.4, 7210223.6) distance=240.1m rage=0%
2026-08-30 10:14:36,189 INFO theroadragetrip.traffic: Traffic active: 17 NPC cars on roads (3 in view)
2026-08-30 10:14:41,193 INFO theroadragetrip.traffic: Traffic active: 17 NPC cars on roads (2 in view)
2026-08-30 10:14:43,927 INFO theroadragetrip.taxi: Taxi phone offers generated: count=1 pickup_distances=[1177]
2026-08-30 10:14:46,166 INFO theroadragetrip.traffic: Traffic active: 17 NPC cars on roads (4 in view)
2026-08-30 10:14:51,054 INFO theroadragetrip.brawl: Taxi brawl challenger arrived at taxi stop
2026-08-30 10:14:51,195 INFO theroadragetrip.traffic: Traffic active: 17 NPC cars on roads (2 in view)
2026-08-30 10:14:54,103 INFO theroadragetrip.brawl: Taxi brawl started: drivers exited cars
2026-08-30 10:14:56,279 INFO theroadragetrip.traffic: Traffic active: 17 NPC cars on roads (2 in view)
2026-08-30 10:14:59,141 INFO theroadragetrip.brawl: Taxi brawl result: winner=opponent rage=0%
2026-08-30 10:15:01,165 INFO theroadragetrip.brawl: Taxi brawl finished: winner=opponent loser_departing=False
2026-08-30 10:15:01,165 INFO theroadragetrip.brawl: Taxi brawl cleanup: escaped=False cooldown=45.0s opponent_removed=False waiting_at_stop=True
2026-08-30 10:15:01,321 INFO theroadragetrip.traffic: Traffic active: 17 NPC cars on roads (3 in view)
2026-08-30 10:15:06,335 INFO theroadragetrip.traffic: Traffic active: 17 NPC cars on roads (2 in view)
2026-08-30 10:15:11,312 INFO theroadragetrip.traffic: Traffic active: 17 NPC cars on roads (3 in view)
2026-08-30 10:19:03,397 INFO theroadragetrip.main: Selected starting city: Oulu (bbox: (64.993982, 25.425347, 65.030018, 25.510653))
2026-08-30 10:19:03,589 INFO theroadragetrip.osm: Loaded OSM data from local cache
2026-08-30 10:19:03,720 INFO theroadragetrip.osm: Parsed 146323 OSM elements: 124027 nodes, 21946 ways, 303 relations
2026-08-30 10:19:03,732 INFO theroadragetrip.osm: Transforming 124027 node coordinates to EPSG:3067...
2026-08-30 10:19:03,810 INFO theroadragetrip.osm: Coordinate transformation finished in 0.214s (122603 nodes)
2026-08-30 10:19:08,549 INFO theroadragetrip.osm: Map generation complete in 4.953s: 12865 roads, 201 waters, 4187 buildings, 3314 scenery polygons, 1173 places, 776 traffic signals, 1024 crossings
2026-08-30 10:19:08,571 INFO theroadragetrip.roadworks: Roadwork generated: osm_way_id=60840176 start=(429816.9, 7210922.8) end=(429860.6, 7210905.9) length=46.8m closure=full-road
2026-08-30 10:19:08,571 INFO theroadragetrip.roadworks: Roadwork generated: osm_way_id=60211667 start=(428860.3, 7212181.9) end=(428866.3, 7212235.6) length=54.2m closure=one-lane
2026-08-30 10:19:08,571 INFO theroadragetrip.roadworks: Roadwork generated: osm_way_id=952673571 start=(427934.7, 7210300.7) end=(427950.0, 7210324.3) length=28.1m closure=one-lane
2026-08-30 10:19:08,571 INFO theroadragetrip.main: Created 3 random roadworks (4 temporary lights)
2026-08-30 10:19:08,682 INFO theroadragetrip.police: Speed camera 1 placed at x=428153.9 y=7212204.4 heading=-58.8 deg limit=30 km/h osm_way_id=88494017
2026-08-30 10:19:08,682 INFO theroadragetrip.police: Speed camera 2 placed at x=427657.3 y=7210553.2 heading=-34.5 deg limit=30 km/h osm_way_id=19749531
2026-08-30 10:19:08,682 INFO theroadragetrip.police: Speed camera 3 placed at x=428356.1 y=7210193.3 heading=146.0 deg limit=30 km/h osm_way_id=28445069
2026-08-30 10:19:08,682 INFO theroadragetrip.police: Speed camera 4 placed at x=429364.7 y=7211532.9 heading=-31.3 deg limit=30 km/h osm_way_id=1165434983
2026-08-30 10:19:08,683 INFO theroadragetrip.police: Speed camera 5 placed at x=427902.4 y=7210773.4 heading=-33.9 deg limit=30 km/h osm_way_id=67018297
2026-08-30 10:19:08,683 INFO theroadragetrip.police: Speed camera 6 placed at x=426875.6 y=7209736.5 heading=145.9 deg limit=30 km/h osm_way_id=887536169
2026-08-30 10:19:08,683 INFO theroadragetrip.police: Speed camera 7 placed at x=428199.8 y=7210570.4 heading=-34.7 deg limit=30 km/h osm_way_id=1521034143
2026-08-30 10:19:08,683 INFO theroadragetrip.police: Speed camera 8 placed at x=428258.8 y=7210651.5 heading=146.3 deg limit=30 km/h osm_way_id=68993081
2026-08-30 10:19:08,683 INFO theroadragetrip.police: Speed camera 9 placed at x=429556.4 y=7210714.3 heading=-117.0 deg limit=50 km/h osm_way_id=277069550
2026-08-30 10:19:08,683 INFO theroadragetrip.police: Speed camera 10 placed at x=427053.7 y=7212437.4 heading=-122.8 deg limit=30 km/h osm_way_id=61214428
2026-08-30 10:19:08,683 INFO theroadragetrip.police: Speed camera 11 placed at x=427994.4 y=7209190.4 heading=95.3 deg limit=20 km/h osm_way_id=95064873
2026-08-30 10:19:08,683 INFO theroadragetrip.police: Speed camera 12 placed at x=427098.4 y=7212411.2 heading=-40.2 deg limit=30 km/h osm_way_id=61214419
2026-08-30 10:19:08,683 INFO theroadragetrip.police: Speed camera 13 placed at x=429315.6 y=7212190.5 heading=164.2 deg limit=30 km/h osm_way_id=87772076
2026-08-30 10:19:08,683 INFO theroadragetrip.police: Speed camera 14 placed at x=427591.7 y=7212528.8 heading=10.0 deg limit=40 km/h osm_way_id=28800156
2026-08-30 10:19:08,683 INFO theroadragetrip.police: Speed camera 15 placed at x=428789.6 y=7208655.5 heading=-91.6 deg limit=30 km/h osm_way_id=1132481064
2026-08-30 10:19:08,683 INFO theroadragetrip.police: Speed camera 16 placed at x=429556.2 y=7209019.2 heading=-97.6 deg limit=100 km/h osm_way_id=35894268
2026-08-30 10:19:08,683 INFO theroadragetrip.police: Speed camera 17 placed at x=426017.7 y=7211821.8 heading=160.1 deg limit=50 km/h osm_way_id=28024572
2026-08-30 10:19:08,684 INFO theroadragetrip.police: Speed camera 18 placed at x=427307.3 y=7209229.0 heading=138.0 deg limit=30 km/h osm_way_id=1217047235
2026-08-30 10:19:08,684 INFO theroadragetrip.police: Speed camera 19 placed at x=427939.8 y=7210207.2 heading=-123.7 deg limit=30 km/h osm_way_id=879086007
2026-08-30 10:19:08,684 INFO theroadragetrip.police: Speed camera 20 placed at x=426946.9 y=7212575.2 heading=113.5 deg limit=30 km/h osm_way_id=1533551320
2026-08-30 10:19:08,684 INFO theroadragetrip.main: Placed 20 hidden speed cameras
2026-08-30 10:19:08,712 INFO theroadragetrip.main: Target NPC traffic: 50 cars for 12865 road ways
2026-08-30 10:19:08,738 INFO theroadragetrip.main: Placed 1 police patrol cars among NPC traffic
2026-08-30 10:19:08,973 INFO theroadragetrip.main: Entering gameplay loop
2026-08-30 10:19:08,990 INFO theroadragetrip.main: Gameplay frame: start
2026-08-30 10:19:08,990 INFO theroadragetrip.main: Gameplay frame: events complete
2026-08-30 10:19:08,990 INFO theroadragetrip.main: Gameplay frame: physics complete
2026-08-30 10:19:08,995 INFO theroadragetrip.main: Gameplay frame: collision checks complete
2026-08-30 10:19:09,020 INFO theroadragetrip.main: Gameplay frame: map update complete
2026-08-30 10:19:09,021 INFO theroadragetrip.main: Gameplay frame: rendering scenery
2026-08-30 10:19:09,100 INFO theroadragetrip.main: Gameplay frame: rendering water
2026-08-30 10:19:09,104 INFO theroadragetrip.main: Gameplay frame: rendering buildings
2026-08-30 10:19:09,209 INFO theroadragetrip.main: Gameplay frame: rendering roads
2026-08-30 10:19:09,245 INFO theroadragetrip.main: Gameplay frame: rendering overlays
2026-08-30 10:19:09,273 INFO theroadragetrip.main: Gameplay frame: flipping display
2026-08-30 10:19:09,273 INFO theroadragetrip.main: Gameplay frame: complete
2026-08-30 10:19:09,934 INFO theroadragetrip.brawl: Taxi brawl challenged: stop=(427672.7, 7210830.4) opponent=(427619.1, 7210989.3) distance=167.7m rage=0%
2026-08-30 10:19:11,327 INFO theroadragetrip.brawl: Taxi brawl cancelled: player left before challenger arrived
2026-08-30 10:19:11,327 INFO theroadragetrip.brawl: Taxi brawl cleanup: escaped=True cooldown=20.0s opponent_removed=True waiting_at_stop=False
2026-08-30 10:19:12,668 INFO theroadragetrip.pedestrian: Pedestrian heading to taxi stop: x=428133.7 y=7210729.2 spawned=True
2026-08-30 10:19:14,404 INFO theroadragetrip.traffic: Traffic active: 17 NPC cars on roads (1 in view)
2026-08-30 10:19:19,448 INFO theroadragetrip.traffic: Traffic active: 17 NPC cars on roads (1 in view)
2026-08-30 10:19:24,467 INFO theroadragetrip.traffic: Traffic active: 17 NPC cars on roads (1 in view)
2026-08-30 10:19:26,805 INFO theroadragetrip.taxi: Taxi phone offers generated: count=1 pickup_distances=[280]
2026-08-30 10:19:29,455 INFO theroadragetrip.traffic: Traffic active: 17 NPC cars on roads (2 in view)
2026-08-30 10:19:31,345 INFO theroadragetrip.brawl: Taxi brawl challenged: stop=(428133.7, 7210729.2) opponent=(428384.2, 7210737.2) distance=250.6m rage=0%
2026-08-30 10:19:34,434 INFO theroadragetrip.traffic: Traffic active: 17 NPC cars on roads (3 in view)
2026-08-30 10:19:39,431 INFO theroadragetrip.traffic: Traffic active: 17 NPC cars on roads (2 in view)
2026-08-30 10:19:44,533 INFO theroadragetrip.traffic: Traffic active: 17 NPC cars on roads (3 in view)
2026-08-30 10:19:49,616 INFO theroadragetrip.traffic: Traffic active: 17 NPC cars on roads (2 in view)
2026-08-30 10:19:51,474 INFO theroadragetrip.taxi: Player crashed into NPC vehicle: -150 pts penalty (impact speed: 3.0 m/s)
2026-08-30 10:19:51,858 INFO theroadragetrip.brawl: Taxi brawl challenger arrived at taxi stop
2026-08-30 10:19:54,620 INFO theroadragetrip.traffic: Traffic active: 17 NPC cars on roads (3 in view)
2026-08-30 10:19:54,892 INFO theroadragetrip.brawl: Taxi brawl started: drivers exited cars
2026-08-30 10:19:59,623 INFO theroadragetrip.traffic: Traffic active: 17 NPC cars on roads (4 in view)
2026-08-30 10:19:59,894 INFO theroadragetrip.brawl: Taxi brawl result: winner=opponent rage=0%
2026-08-30 10:20:01,913 INFO theroadragetrip.brawl: Taxi brawl drivers returned to cars: winner=opponent
2026-08-30 10:20:01,998 INFO theroadragetrip.taxi: Player crashed into NPC vehicle: -150 pts penalty (impact speed: 3.0 m/s)
2026-08-30 10:20:03,197 INFO theroadragetrip.brawl: Taxi brawl finished: winner=opponent loser_departing=False
2026-08-30 10:20:03,198 INFO theroadragetrip.brawl: Taxi brawl cleanup: escaped=False cooldown=45.0s opponent_removed=False waiting_at_stop=True
2026-08-30 10:20:04,611 INFO theroadragetrip.traffic: Traffic active: 17 NPC cars on roads (3 in view)
2026-08-30 10:20:08,053 INFO theroadragetrip.taxi: Passenger boarded: passenger=Sari pickup=Hallituskatu 13-17, Sarkka dropoff=Valtatie 43, ABC Oulu Tuira walking=True
2026-08-30 10:20:09,586 INFO theroadragetrip.traffic: Traffic active: 17 NPC cars on roads (3 in view)
2026-08-30 10:23:52,011 INFO theroadragetrip.main: Selected starting city: Oulu (bbox: (64.993982, 25.425347, 65.030018, 25.510653))
2026-08-30 10:23:52,208 INFO theroadragetrip.osm: Loaded OSM data from local cache
2026-08-30 10:23:52,344 INFO theroadragetrip.osm: Parsed 146323 OSM elements: 124027 nodes, 21946 ways, 303 relations
2026-08-30 10:23:52,355 INFO theroadragetrip.osm: Transforming 124027 node coordinates to EPSG:3067...
2026-08-30 10:23:52,438 INFO theroadragetrip.osm: Coordinate transformation finished in 0.225s (122603 nodes)
2026-08-30 10:23:57,211 INFO theroadragetrip.osm: Map generation complete in 4.997s: 12865 roads, 201 waters, 4187 buildings, 3314 scenery polygons, 1173 places, 776 traffic signals, 1024 crossings
2026-08-30 10:23:57,233 INFO theroadragetrip.roadworks: Roadwork generated: osm_way_id=206198559 start=(429623.0, 7210227.1) end=(429626.1, 7210192.5) length=34.7m closure=one-lane
2026-08-30 10:23:57,233 INFO theroadragetrip.roadworks: Roadwork generated: osm_way_id=29094202 start=(428117.1, 7209775.9) end=(428105.9, 7209747.4) length=30.6m closure=full-road
2026-08-30 10:23:57,233 INFO theroadragetrip.roadworks: Roadwork generated: osm_way_id=87221744 start=(428594.6, 7212311.4) end=(428594.2, 7212285.0) length=26.4m closure=full-road
2026-08-30 10:23:57,233 INFO theroadragetrip.main: Created 3 random roadworks (2 temporary lights)
2026-08-30 10:23:57,340 INFO theroadragetrip.police: Speed camera 1 placed at x=428829.6 y=7208840.4 heading=-72.5 deg limit=30 km/h osm_way_id=95784941
2026-08-30 10:23:57,340 INFO theroadragetrip.police: Speed camera 2 placed at x=428892.4 y=7210509.2 heading=57.9 deg limit=30 km/h osm_way_id=87493908
2026-08-30 10:23:57,340 INFO theroadragetrip.police: Speed camera 3 placed at x=428640.8 y=7212350.7 heading=178.2 deg limit=30 km/h osm_way_id=1238095840
2026-08-30 10:23:57,340 INFO theroadragetrip.police: Speed camera 4 placed at x=427882.3 y=7211232.3 heading=121.4 deg limit=50 km/h osm_way_id=1447142197
2026-08-30 10:23:57,340 INFO theroadragetrip.police: Speed camera 5 placed at x=428784.8 y=7209969.2 heading=83.8 deg limit=50 km/h osm_way_id=1191944498
2026-08-30 10:23:57,340 INFO theroadragetrip.police: Speed camera 6 placed at x=429300.5 y=7210080.1 heading=146.5 deg limit=30 km/h osm_way_id=910725149
2026-08-30 10:23:57,340 INFO theroadragetrip.police: Speed camera 7 placed at x=428128.5 y=7210860.1 heading=145.7 deg limit=30 km/h osm_way_id=204889435
2026-08-30 10:23:57,340 INFO theroadragetrip.police: Speed camera 8 placed at x=429729.8 y=7211821.3 heading=88.3 deg limit=100 km/h osm_way_id=52597883
2026-08-30 10:23:57,340 INFO theroadragetrip.police: Speed camera 9 placed at x=427305.6 y=7209154.0 heading=47.4 deg limit=30 km/h osm_way_id=1218166481
2026-08-30 10:23:57,341 INFO theroadragetrip.police: Speed camera 10 placed at x=429625.4 y=7209772.4 heading=93.9 deg limit=100 km/h osm_way_id=35133931
2026-08-30 10:23:57,341 INFO theroadragetrip.police: Speed camera 11 placed at x=427151.2 y=7211299.9 heading=-129.1 deg limit=30 km/h osm_way_id=5121916
2026-08-30 10:23:57,341 INFO theroadragetrip.police: Speed camera 12 placed at x=428950.2 y=7210502.3 heading=-123.2 deg limit=30 km/h osm_way_id=87493888
2026-08-30 10:23:57,341 INFO theroadragetrip.police: Speed camera 13 placed at x=428808.8 y=7209540.5 heading=-91.4 deg limit=30 km/h osm_way_id=1134476692
2026-08-30 10:23:57,341 INFO theroadragetrip.police: Speed camera 14 placed at x=427091.9 y=7212584.2 heading=-90.8 deg limit=30 km/h osm_way_id=1350746722
2026-08-30 10:23:57,341 INFO theroadragetrip.police: Speed camera 15 placed at x=428613.0 y=7212334.7 heading=-1.0 deg limit=30 km/h osm_way_id=87221745
2026-08-30 10:23:57,341 INFO theroadragetrip.police: Speed camera 16 placed at x=427257.4 y=7208732.5 heading=92.4 deg limit=30 km/h osm_way_id=907117390
2026-08-30 10:23:57,341 INFO theroadragetrip.police: Speed camera 17 placed at x=428251.9 y=7210534.5 heading=-34.1 deg limit=30 km/h osm_way_id=1521034144
2026-08-30 10:23:57,341 INFO theroadragetrip.police: Speed camera 18 placed at x=427075.8 y=7209681.3 heading=-34.3 deg limit=30 km/h osm_way_id=26358925
2026-08-30 10:23:57,341 INFO theroadragetrip.police: Speed camera 19 placed at x=427227.4 y=7212493.7 heading=160.4 deg limit=40 km/h osm_way_id=1097726886
2026-08-30 10:23:57,341 INFO theroadragetrip.police: Speed camera 20 placed at x=429380.0 y=7212264.3 heading=-177.4 deg limit=60 km/h osm_way_id=1056487105
2026-08-30 10:23:57,341 INFO theroadragetrip.main: Placed 20 hidden speed cameras
2026-08-30 10:23:57,368 INFO theroadragetrip.main: Target NPC traffic: 50 cars for 12865 road ways
2026-08-30 10:23:57,392 INFO theroadragetrip.main: Placed 1 police patrol cars among NPC traffic
2026-08-30 10:23:57,616 INFO theroadragetrip.main: Entering gameplay loop
2026-08-30 10:23:57,632 INFO theroadragetrip.main: Gameplay frame: start
2026-08-30 10:23:57,633 INFO theroadragetrip.main: Gameplay frame: events complete
2026-08-30 10:23:57,633 INFO theroadragetrip.main: Gameplay frame: physics complete
2026-08-30 10:23:57,637 INFO theroadragetrip.main: Gameplay frame: collision checks complete
2026-08-30 10:23:57,662 INFO theroadragetrip.main: Gameplay frame: map update complete
2026-08-30 10:23:57,662 INFO theroadragetrip.main: Gameplay frame: rendering scenery
2026-08-30 10:23:57,745 INFO theroadragetrip.main: Gameplay frame: rendering water
2026-08-30 10:23:57,749 INFO theroadragetrip.main: Gameplay frame: rendering buildings
2026-08-30 10:23:57,852 INFO theroadragetrip.main: Gameplay frame: rendering roads
2026-08-30 10:23:57,888 INFO theroadragetrip.main: Gameplay frame: rendering overlays
2026-08-30 10:23:57,918 INFO theroadragetrip.main: Gameplay frame: flipping display
2026-08-30 10:23:57,919 INFO theroadragetrip.main: Gameplay frame: complete
2026-08-30 10:25:04,458 INFO theroadragetrip.main: Selected starting city: Oulu (bbox: (64.993982, 25.425347, 65.030018, 25.510653))
2026-08-30 10:25:04,665 INFO theroadragetrip.osm: Loaded OSM data from local cache
2026-08-30 10:25:04,797 INFO theroadragetrip.osm: Parsed 146323 OSM elements: 124027 nodes, 21946 ways, 303 relations
2026-08-30 10:25:04,808 INFO theroadragetrip.osm: Transforming 124027 node coordinates to EPSG:3067...
2026-08-30 10:25:04,887 INFO theroadragetrip.osm: Coordinate transformation finished in 0.217s (122603 nodes)
2026-08-30 10:25:09,671 INFO theroadragetrip.osm: Map generation complete in 5.000s: 12865 roads, 201 waters, 4187 buildings, 3314 scenery polygons, 1173 places, 776 traffic signals, 1024 crossings
2026-08-30 10:25:09,692 INFO theroadragetrip.roadworks: Roadwork generated: osm_way_id=25000353 start=(426565.2, 7208793.4) end=(426524.9, 7208816.5) length=46.5m closure=one-lane
2026-08-30 10:25:09,693 INFO theroadragetrip.roadworks: Roadwork generated: osm_way_id=20190421 start=(429696.4, 7211406.9) end=(429691.2, 7211357.6) length=49.5m closure=full-road
2026-08-30 10:25:09,693 INFO theroadragetrip.roadworks: Roadwork generated: osm_way_id=19845577 start=(428588.8, 7210305.4) end=(428631.3, 7210277.3) length=50.9m closure=one-lane
2026-08-30 10:25:09,693 INFO theroadragetrip.main: Created 3 random roadworks (4 temporary lights)
2026-08-30 10:25:09,802 INFO theroadragetrip.police: Speed camera 1 placed at x=429129.1 y=7211595.9 heading=-108.9 deg limit=50 km/h osm_way_id=28445066
2026-08-30 10:25:09,802 INFO theroadragetrip.police: Speed camera 2 placed at x=428989.5 y=7212653.4 heading=77.3 deg limit=30 km/h osm_way_id=855601124
2026-08-30 10:25:09,802 INFO theroadragetrip.police: Speed camera 3 placed at x=428487.1 y=7209117.4 heading=-71.2 deg limit=50 km/h osm_way_id=1307834205
2026-08-30 10:25:09,802 INFO theroadragetrip.police: Speed camera 4 placed at x=426811.4 y=7209492.0 heading=-121.4 deg limit=30 km/h osm_way_id=1535621371
2026-08-30 10:25:09,802 INFO theroadragetrip.police: Speed camera 5 placed at x=429343.9 y=7211152.4 heading=175.0 deg limit=30 km/h osm_way_id=60840157
2026-08-30 10:25:09,802 INFO theroadragetrip.police: Speed camera 6 placed at x=427419.7 y=7208816.3 heading=-87.2 deg limit=30 km/h osm_way_id=87370064
2026-08-30 10:25:09,802 INFO theroadragetrip.police: Speed camera 7 placed at x=429534.7 y=7211384.6 heading=-121.6 deg limit=30 km/h osm_way_id=59741553
2026-08-30 10:25:09,802 INFO theroadragetrip.police: Speed camera 8 placed at x=427794.8 y=7209672.2 heading=-33.0 deg limit=30 km/h osm_way_id=206352509
2026-08-30 10:25:09,803 INFO theroadragetrip.police: Speed camera 9 placed at x=429467.5 y=7209869.7 heading=159.0 deg limit=60 km/h osm_way_id=708288629
2026-08-30 10:25:09,803 INFO theroadragetrip.police: Speed camera 10 placed at x=429508.1 y=7209767.7 heading=-61.2 deg limit=50 km/h osm_way_id=708288627
2026-08-30 10:25:09,803 INFO theroadragetrip.police: Speed camera 11 placed at x=428389.8 y=7211245.9 heading=65.6 deg limit=30 km/h osm_way_id=1092682527
2026-08-30 10:25:09,803 INFO theroadragetrip.police: Speed camera 12 placed at x=429513.8 y=7210536.1 heading=107.8 deg limit=40 km/h osm_way_id=59741594
2026-08-30 10:25:09,803 INFO theroadragetrip.police: Speed camera 13 placed at x=429710.1 y=7209374.7 heading=-94.6 deg limit=20 km/h osm_way_id=1274077139
2026-08-30 10:25:09,803 INFO theroadragetrip.police: Speed camera 14 placed at x=427525.0 y=7208930.7 heading=2.6 deg limit=50 km/h osm_way_id=479095162
2026-08-30 10:25:09,803 INFO theroadragetrip.police: Speed camera 15 placed at x=428865.2 y=7208876.2 heading=-141.9 deg limit=30 km/h osm_way_id=26358939
2026-08-30 10:25:09,803 INFO theroadragetrip.police: Speed camera 16 placed at x=428282.8 y=7210412.2 heading=-33.8 deg limit=30 km/h osm_way_id=878973739
2026-08-30 10:25:09,803 INFO theroadragetrip.police: Speed camera 17 placed at x=428713.0 y=7211450.6 heading=133.4 deg limit=30 km/h osm_way_id=924949298
2026-08-30 10:25:09,803 INFO theroadragetrip.police: Speed camera 18 placed at x=428077.7 y=7212246.0 heading=-42.4 deg limit=30 km/h osm_way_id=835475750
2026-08-30 10:25:09,803 INFO theroadragetrip.police: Speed camera 19 placed at x=429627.2 y=7209450.3 heading=84.4 deg limit=100 km/h osm_way_id=188875697
2026-08-30 10:25:09,803 INFO theroadragetrip.police: Speed camera 20 placed at x=427588.0 y=7212363.5 heading=-20.0 deg limit=40 km/h osm_way_id=19844999
2026-08-30 10:25:09,803 INFO theroadragetrip.main: Placed 20 hidden speed cameras
2026-08-30 10:25:09,833 INFO theroadragetrip.main: Target NPC traffic: 50 cars for 12865 road ways
2026-08-30 10:25:09,862 INFO theroadragetrip.main: Placed 1 police patrol cars among NPC traffic
2026-08-30 10:25:10,086 INFO theroadragetrip.main: Entering gameplay loop
2026-08-30 10:25:10,103 INFO theroadragetrip.main: Gameplay frame: start
2026-08-30 10:25:10,103 INFO theroadragetrip.main: Gameplay frame: events complete
2026-08-30 10:25:10,103 INFO theroadragetrip.main: Gameplay frame: physics complete
2026-08-30 10:25:10,108 INFO theroadragetrip.main: Gameplay frame: collision checks complete
2026-08-30 10:25:10,123 INFO theroadragetrip.main: Gameplay frame: map update complete
2026-08-30 10:25:10,123 INFO theroadragetrip.main: Gameplay frame: rendering scenery
2026-08-30 10:25:10,185 INFO theroadragetrip.main: Gameplay frame: rendering water
2026-08-30 10:25:10,188 INFO theroadragetrip.main: Gameplay frame: rendering buildings
2026-08-30 10:25:10,276 INFO theroadragetrip.main: Gameplay frame: rendering roads
2026-08-30 10:25:10,310 INFO theroadragetrip.main: Gameplay frame: rendering overlays
2026-08-30 10:25:10,329 INFO theroadragetrip.main: Gameplay frame: flipping display
2026-08-30 10:25:10,330 INFO theroadragetrip.main: Gameplay frame: complete
2026-08-30 10:25:11,042 INFO theroadragetrip.brawl: Taxi brawl challenged: stop=(428493.8, 7210559.0) opponent=(428395.4, 7210761.1) distance=224.8m rage=0%
2026-08-30 10:25:12,294 INFO theroadragetrip.brawl: Taxi brawl challenger arrived at taxi stop
2026-08-30 10:25:15,304 INFO theroadragetrip.brawl: Taxi brawl started: drivers exited cars
2026-08-30 10:25:15,480 INFO theroadragetrip.traffic: Traffic active: 17 NPC cars on roads (0 in view)
2026-08-30 10:25:20,300 INFO theroadragetrip.brawl: Taxi brawl result: winner=opponent score_delta=-500 rage=0%
2026-08-30 10:25:20,461 INFO theroadragetrip.traffic: Traffic active: 17 NPC cars on roads (0 in view)
2026-08-30 10:25:24,648 INFO theroadragetrip.taxi: Taxi phone offers generated: count=1 pickup_distances=[938]
2026-08-30 10:25:25,450 INFO theroadragetrip.traffic: Traffic active: 17 NPC cars on roads (1 in view)
2026-08-30 10:25:30,422 INFO theroadragetrip.traffic: Traffic active: 17 NPC cars on roads (2 in view)
2026-08-30 10:27:11,736 INFO theroadragetrip.main: Selected starting city: Oulu (bbox: (64.993982, 25.425347, 65.030018, 25.510653))
2026-08-30 10:27:11,932 INFO theroadragetrip.osm: Loaded OSM data from local cache
2026-08-30 10:27:12,063 INFO theroadragetrip.osm: Parsed 146323 OSM elements: 124027 nodes, 21946 ways, 303 relations
2026-08-30 10:27:12,075 INFO theroadragetrip.osm: Transforming 124027 node coordinates to EPSG:3067...
2026-08-30 10:27:12,158 INFO theroadragetrip.osm: Coordinate transformation finished in 0.220s (122603 nodes)
2026-08-30 10:27:17,002 INFO theroadragetrip.osm: Map generation complete in 5.064s: 12865 roads, 201 waters, 4187 buildings, 3314 scenery polygons, 1173 places, 776 traffic signals, 1024 crossings
2026-08-30 10:27:17,024 INFO theroadragetrip.roadworks: Roadwork generated: osm_way_id=104228445 start=(429415.6, 7210046.1) end=(429444.6, 7210039.8) length=29.7m closure=one-lane
2026-08-30 10:27:17,024 INFO theroadragetrip.roadworks: Roadwork generated: osm_way_id=699457802 start=(426526.6, 7210038.4) end=(426535.3, 7210082.9) length=45.3m closure=one-lane
2026-08-30 10:27:17,024 INFO theroadragetrip.roadworks: Roadwork generated: osm_way_id=161471161 start=(426079.6, 7211225.7) end=(426111.9, 7211214.3) length=34.2m closure=one-lane
2026-08-30 10:27:17,024 INFO theroadragetrip.main: Created 3 random roadworks (6 temporary lights)
2026-08-30 10:27:17,134 INFO theroadragetrip.police: Speed camera 1 placed at x=429249.8 y=7212077.3 heading=-109.7 deg limit=30 km/h osm_way_id=1267581137
2026-08-30 10:27:17,134 INFO theroadragetrip.police: Speed camera 2 placed at x=428260.8 y=7210811.7 heading=-123.1 deg limit=30 km/h osm_way_id=204889521
2026-08-30 10:27:17,134 INFO theroadragetrip.police: Speed camera 3 placed at x=429179.4 y=7211263.1 heading=146.6 deg limit=30 km/h osm_way_id=1165472578
2026-08-30 10:27:17,134 INFO theroadragetrip.police: Speed camera 4 placed at x=427452.6 y=7208815.6 heading=-88.3 deg limit=30 km/h osm_way_id=87370051
2026-08-30 10:27:17,134 INFO theroadragetrip.police: Speed camera 5 placed at x=427207.0 y=7209005.4 heading=-85.1 deg limit=30 km/h osm_way_id=1218166478
2026-08-30 10:27:17,134 INFO theroadragetrip.police: Speed camera 6 placed at x=427482.4 y=7210443.6 heading=55.8 deg limit=30 km/h osm_way_id=165811903
2026-08-30 10:27:17,134 INFO theroadragetrip.police: Speed camera 7 placed at x=427651.0 y=7209053.9 heading=-87.8 deg limit=30 km/h osm_way_id=766834535
2026-08-30 10:27:17,134 INFO theroadragetrip.police: Speed camera 8 placed at x=427827.8 y=7211013.5 heading=145.4 deg limit=30 km/h osm_way_id=1180512730
2026-08-30 10:27:17,134 INFO theroadragetrip.police: Speed camera 9 placed at x=426130.3 y=7208834.7 heading=-153.3 deg limit=30 km/h osm_way_id=699457836
2026-08-30 10:27:17,134 INFO theroadragetrip.police: Speed camera 10 placed at x=427828.2 y=7212632.6 heading=-73.8 deg limit=60 km/h osm_way_id=10626261
2026-08-30 10:27:17,135 INFO theroadragetrip.police: Speed camera 11 placed at x=428886.5 y=7212184.6 heading=-2.8 deg limit=30 km/h osm_way_id=87221741
2026-08-30 10:27:17,135 INFO theroadragetrip.police: Speed camera 12 placed at x=427959.6 y=7210476.3 heading=145.7 deg limit=30 km/h osm_way_id=948627658
2026-08-30 10:27:17,135 INFO theroadragetrip.police: Speed camera 13 placed at x=426242.5 y=7209836.4 heading=174.7 deg limit=30 km/h osm_way_id=699300364
2026-08-30 10:27:17,135 INFO theroadragetrip.police: Speed camera 14 placed at x=427882.9 y=7212550.0 heading=167.3 deg limit=60 km/h osm_way_id=26828688
2026-08-30 10:27:17,135 INFO theroadragetrip.police: Speed camera 15 placed at x=428808.4 y=7209516.0 heading=-1.8 deg limit=30 km/h osm_way_id=25335666
2026-08-30 10:27:17,135 INFO theroadragetrip.police: Speed camera 16 placed at x=429281.2 y=7210059.2 heading=146.6 deg limit=30 km/h osm_way_id=910725151
2026-08-30 10:27:17,135 INFO theroadragetrip.police: Speed camera 17 placed at x=428556.0 y=7210231.8 heading=-122.4 deg limit=30 km/h osm_way_id=164764316
2026-08-30 10:27:17,135 INFO theroadragetrip.police: Speed camera 18 placed at x=428982.1 y=7210236.8 heading=56.6 deg limit=30 km/h osm_way_id=39888635
2026-08-30 10:27:17,135 INFO theroadragetrip.police: Speed camera 19 placed at x=426078.9 y=7208718.4 heading=70.6 deg limit=30 km/h osm_way_id=1364031477
2026-08-30 10:27:17,135 INFO theroadragetrip.police: Speed camera 20 placed at x=429751.0 y=7210317.4 heading=34.0 deg limit=30 km/h osm_way_id=941590268
2026-08-30 10:27:17,135 INFO theroadragetrip.main: Placed 20 hidden speed cameras
2026-08-30 10:27:17,161 INFO theroadragetrip.main: Target NPC traffic: 50 cars for 12865 road ways
2026-08-30 10:27:17,188 INFO theroadragetrip.main: Placed 1 police patrol cars among NPC traffic
2026-08-30 10:27:17,415 INFO theroadragetrip.main: Entering gameplay loop
2026-08-30 10:27:17,431 INFO theroadragetrip.main: Gameplay frame: start
2026-08-30 10:27:17,431 INFO theroadragetrip.main: Gameplay frame: events complete
2026-08-30 10:27:17,432 INFO theroadragetrip.main: Gameplay frame: physics complete
2026-08-30 10:27:17,436 INFO theroadragetrip.main: Gameplay frame: collision checks complete
2026-08-30 10:27:17,462 INFO theroadragetrip.main: Gameplay frame: map update complete
2026-08-30 10:27:17,462 INFO theroadragetrip.main: Gameplay frame: rendering scenery
2026-08-30 10:27:17,528 INFO theroadragetrip.main: Gameplay frame: rendering water
2026-08-30 10:27:17,530 INFO theroadragetrip.main: Gameplay frame: rendering buildings
2026-08-30 10:27:17,620 INFO theroadragetrip.main: Gameplay frame: rendering roads
2026-08-30 10:27:17,656 INFO theroadragetrip.main: Gameplay frame: rendering overlays
2026-08-30 10:27:17,687 INFO theroadragetrip.main: Gameplay frame: flipping display
2026-08-30 10:27:17,688 INFO theroadragetrip.main: Gameplay frame: complete
2026-08-30 10:27:18,343 INFO theroadragetrip.brawl: Taxi brawl challenged: stop=(427672.7, 7210830.4) opponent=(427628.9, 7210987.7) distance=163.2m rage=0%
2026-08-30 10:27:18,388 INFO theroadragetrip.brawl: Taxi brawl challenger arrived at taxi stop
2026-08-30 10:27:22,769 INFO theroadragetrip.traffic: Traffic active: 17 NPC cars on roads (1 in view)
2026-08-30 10:27:27,774 INFO theroadragetrip.traffic: Traffic active: 17 NPC cars on roads (0 in view)
2026-08-30 10:28:58,562 INFO theroadragetrip.main: Selected starting city: Oulu (bbox: (64.993982, 25.425347, 65.030018, 25.510653))
2026-08-30 10:28:58,759 INFO theroadragetrip.osm: Loaded OSM data from local cache
2026-08-30 10:28:58,889 INFO theroadragetrip.osm: Parsed 146323 OSM elements: 124027 nodes, 21946 ways, 303 relations
2026-08-30 10:28:58,900 INFO theroadragetrip.osm: Transforming 124027 node coordinates to EPSG:3067...
2026-08-30 10:28:58,978 INFO theroadragetrip.osm: Coordinate transformation finished in 0.211s (122603 nodes)
2026-08-30 10:29:03,742 INFO theroadragetrip.osm: Map generation complete in 4.975s: 12865 roads, 201 waters, 4187 buildings, 3314 scenery polygons, 1173 places, 776 traffic signals, 1024 crossings
2026-08-30 10:29:03,766 INFO theroadragetrip.roadworks: Roadwork generated: osm_way_id=87292682 start=(426002.1, 7211618.9) end=(425983.0, 7211568.9) length=53.5m closure=one-lane
2026-08-30 10:29:03,767 INFO theroadragetrip.roadworks: Roadwork generated: osm_way_id=1364031478 start=(426101.3, 7208864.2) end=(426069.6, 7208835.1) length=43.1m closure=one-lane
2026-08-30 10:29:03,767 INFO theroadragetrip.roadworks: Roadwork generated: osm_way_id=165487270 start=(427778.6, 7210781.1) end=(427772.9, 7210810.6) length=41.8m closure=full-road
2026-08-30 10:29:03,767 INFO theroadragetrip.main: Created 3 random roadworks (4 temporary lights)
2026-08-30 10:29:03,887 INFO theroadragetrip.police: Speed camera 1 placed at x=429112.0 y=7208769.1 heading=-14.3 deg limit=30 km/h osm_way_id=1133275876
2026-08-30 10:29:03,887 INFO theroadragetrip.police: Speed camera 2 placed at x=429577.6 y=7210346.3 heading=-98.7 deg limit=50 km/h osm_way_id=19789990
2026-08-30 10:29:03,887 INFO theroadragetrip.police: Speed camera 3 placed at x=427494.3 y=7209054.0 heading=-87.7 deg limit=30 km/h osm_way_id=766814448
2026-08-30 10:29:03,887 INFO theroadragetrip.police: Speed camera 4 placed at x=428922.2 y=7209924.1 heading=0.2 deg limit=60 km/h osm_way_id=1295190761
2026-08-30 10:29:03,887 INFO theroadragetrip.police: Speed camera 5 placed at x=426757.0 y=7209319.2 heading=-56.5 deg limit=50 km/h osm_way_id=19745759
2026-08-30 10:29:03,887 INFO theroadragetrip.police: Speed camera 6 placed at x=429110.1 y=7209656.5 heading=-162.7 deg limit=30 km/h osm_way_id=1193033548
2026-08-30 10:29:03,887 INFO theroadragetrip.police: Speed camera 7 placed at x=428055.0 y=7212238.6 heading=158.8 deg limit=30 km/h osm_way_id=835475756
2026-08-30 10:29:03,887 INFO theroadragetrip.police: Speed camera 8 placed at x=426725.8 y=7209562.0 heading=57.7 deg limit=30 km/h osm_way_id=1535621366
2026-08-30 10:29:03,887 INFO theroadragetrip.police: Speed camera 9 placed at x=427381.6 y=7210776.3 heading=-33.6 deg limit=30 km/h osm_way_id=87492173
2026-08-30 10:29:03,887 INFO theroadragetrip.police: Speed camera 10 placed at x=428004.1 y=7211029.6 heading=-34.3 deg limit=30 km/h osm_way_id=173839808
2026-08-30 10:29:03,887 INFO theroadragetrip.police: Speed camera 11 placed at x=426316.0 y=7212631.5 heading=-175.4 deg limit=30 km/h osm_way_id=1221591663
2026-08-30 10:29:03,887 INFO theroadragetrip.police: Speed camera 12 placed at x=427240.6 y=7208732.5 heading=92.6 deg limit=30 km/h osm_way_id=907117389
2026-08-30 10:29:03,887 INFO theroadragetrip.police: Speed camera 13 placed at x=429333.6 y=7211272.6 heading=55.6 deg limit=30 km/h osm_way_id=1165434899
2026-08-30 10:29:03,888 INFO theroadragetrip.police: Speed camera 14 placed at x=429261.2 y=7212613.3 heading=62.5 deg limit=50 km/h osm_way_id=479158173
2026-08-30 10:29:03,888 INFO theroadragetrip.police: Speed camera 15 placed at x=429719.5 y=7209911.0 heading=-63.7 deg limit=60 km/h osm_way_id=35133934
2026-08-30 10:29:03,888 INFO theroadragetrip.police: Speed camera 16 placed at x=428163.3 y=7209213.7 heading=14.5 deg limit=30 km/h osm_way_id=1112279833
2026-08-30 10:29:03,888 INFO theroadragetrip.police: Speed camera 17 placed at x=427454.8 y=7210490.1 heading=-123.9 deg limit=30 km/h osm_way_id=1125016399
2026-08-30 10:29:03,888 INFO theroadragetrip.police: Speed camera 18 placed at x=426030.5 y=7208933.6 heading=119.4 deg limit=30 km/h osm_way_id=699457828
2026-08-30 10:29:03,888 INFO theroadragetrip.police: Speed camera 19 placed at x=428824.9 y=7209271.6 heading=-1.0 deg limit=30 km/h osm_way_id=95838184
2026-08-30 10:29:03,888 INFO theroadragetrip.police: Speed camera 20 placed at x=428783.5 y=7209913.9 heading=93.9 deg limit=30 km/h osm_way_id=1191944497
2026-08-30 10:29:03,888 INFO theroadragetrip.main: Placed 20 hidden speed cameras
2026-08-30 10:29:03,917 INFO theroadragetrip.main: Target NPC traffic: 50 cars for 12865 road ways
2026-08-30 10:29:03,942 INFO theroadragetrip.main: Placed 1 police patrol cars among NPC traffic
2026-08-30 10:29:04,169 INFO theroadragetrip.main: Entering gameplay loop
2026-08-30 10:29:04,186 INFO theroadragetrip.main: Gameplay frame: start
2026-08-30 10:29:04,186 INFO theroadragetrip.main: Gameplay frame: events complete
2026-08-30 10:29:04,186 INFO theroadragetrip.main: Gameplay frame: physics complete
2026-08-30 10:29:04,192 INFO theroadragetrip.main: Gameplay frame: collision checks complete
2026-08-30 10:29:04,218 INFO theroadragetrip.main: Gameplay frame: map update complete
2026-08-30 10:29:04,218 INFO theroadragetrip.main: Gameplay frame: rendering scenery
2026-08-30 10:29:04,280 INFO theroadragetrip.main: Gameplay frame: rendering water
2026-08-30 10:29:04,283 INFO theroadragetrip.main: Gameplay frame: rendering buildings
2026-08-30 10:29:04,369 INFO theroadragetrip.main: Gameplay frame: rendering roads
2026-08-30 10:29:04,404 INFO theroadragetrip.main: Gameplay frame: rendering overlays
2026-08-30 10:29:04,428 INFO theroadragetrip.main: Gameplay frame: flipping display
2026-08-30 10:29:04,429 INFO theroadragetrip.main: Gameplay frame: complete
2026-08-30 10:29:05,387 INFO theroadragetrip.brawl: Taxi brawl challenged: stop=(428493.8, 7210559.0) opponent=(428384.7, 7210733.0) distance=205.4m rage=0%
2026-08-30 10:29:06,099 INFO theroadragetrip.brawl: Taxi brawl challenger arrived at taxi stop: position=(428392.1, 7210729.0) distance_to_player=193.0m visible=False
2026-08-30 10:29:09,512 INFO theroadragetrip.traffic: Traffic active: 17 NPC cars on roads (0 in view)
2026-08-30 10:29:14,487 INFO theroadragetrip.traffic: Traffic active: 17 NPC cars on roads (0 in view)
2026-08-30 10:29:19,470 INFO theroadragetrip.traffic: Traffic active: 17 NPC cars on roads (0 in view)
2026-08-30 10:29:24,545 INFO theroadragetrip.traffic: Traffic active: 17 NPC cars on roads (0 in view)
2026-08-30 10:29:27,995 INFO theroadragetrip.taxi: Taxi phone offers generated: count=1 pickup_distances=[380]
2026-08-30 10:29:29,608 INFO theroadragetrip.traffic: Traffic active: 17 NPC cars on roads (0 in view)
2026-08-30 10:29:34,642 INFO theroadragetrip.traffic: Traffic active: 17 NPC cars on roads (1 in view)
2026-08-30 10:29:39,650 INFO theroadragetrip.traffic: Traffic active: 17 NPC cars on roads (1 in view)
2026-08-30 10:29:44,633 INFO theroadragetrip.traffic: Traffic active: 17 NPC cars on roads (1 in view)
2026-08-30 10:29:49,623 INFO theroadragetrip.traffic: Traffic active: 17 NPC cars on roads (1 in view)
2026-08-30 10:29:54,680 INFO theroadragetrip.traffic: Traffic active: 17 NPC cars on roads (11 in view)
2026-08-30 10:29:55,350 INFO theroadragetrip.brawl: Taxi brawl started: drivers exited cars
2026-08-30 10:29:59,760 INFO theroadragetrip.traffic: Traffic active: 17 NPC cars on roads (9 in view)
2026-08-30 10:30:00,427 INFO theroadragetrip.brawl: Taxi brawl result: winner=opponent score_delta=-500 rage=0%
2026-08-30 10:30:04,805 INFO theroadragetrip.traffic: Traffic active: 17 NPC cars on roads (2 in view)
2026-08-30 10:30:06,717 INFO theroadragetrip.brawl: Taxi brawl drivers returned to cars: winner=opponent
2026-08-30 10:30:09,794 INFO theroadragetrip.traffic: Traffic active: 17 NPC cars on roads (3 in view)
2026-08-30 10:36:34,177 INFO theroadragetrip.main: Selected starting city: Oulu (bbox: (64.993982, 25.425347, 65.030018, 25.510653))
2026-08-30 10:36:34,382 INFO theroadragetrip.osm: Loaded OSM data from local cache
2026-08-30 10:36:34,520 INFO theroadragetrip.osm: Parsed 146323 OSM elements: 124027 nodes, 21946 ways, 303 relations
2026-08-30 10:36:34,532 INFO theroadragetrip.osm: Transforming 124027 node coordinates to EPSG:3067...
2026-08-30 10:36:34,628 INFO theroadragetrip.osm: Coordinate transformation finished in 0.238s (122603 nodes)
2026-08-30 10:36:39,816 INFO theroadragetrip.osm: Map generation complete in 5.426s: 12865 roads, 201 waters, 4187 buildings, 3314 scenery polygons, 1173 places, 776 traffic signals, 1024 crossings
2026-08-30 10:36:39,839 INFO theroadragetrip.roadworks: Roadwork generated: osm_way_id=952664136 start=(427682.2, 7210836.1) end=(427704.6, 7210869.9) length=40.6m closure=full-road
2026-08-30 10:36:39,839 INFO theroadragetrip.roadworks: Roadwork generated: osm_way_id=25334953 start=(429833.8, 7211005.0) end=(429813.5, 7210973.1) length=37.8m closure=one-lane
2026-08-30 10:36:39,839 INFO theroadragetrip.roadworks: Roadwork generated: osm_way_id=1184246771 start=(426740.9, 7208792.2) end=(426719.4, 7208744.3) length=54.9m closure=one-lane
2026-08-30 10:36:39,839 INFO theroadragetrip.main: Created 3 random roadworks (4 temporary lights)
2026-08-30 10:36:39,965 INFO theroadragetrip.police: Speed camera 1 placed at x=426200.3 y=7209817.0 heading=84.4 deg limit=30 km/h osm_way_id=699300359
2026-08-30 10:36:39,965 INFO theroadragetrip.police: Speed camera 2 placed at x=428830.0 y=7211060.4 heading=-119.9 deg limit=50 km/h osm_way_id=1200901663
2026-08-30 10:36:39,965 INFO theroadragetrip.police: Speed camera 3 placed at x=428281.4 y=7209347.3 heading=18.8 deg limit=40 km/h osm_way_id=945594565
2026-08-30 10:36:39,965 INFO theroadragetrip.police: Speed camera 4 placed at x=427651.6 y=7209730.8 heading=-74.4 deg limit=20 km/h osm_way_id=28826373
2026-08-30 10:36:39,965 INFO theroadragetrip.police: Speed camera 5 placed at x=427461.5 y=7208963.9 heading=-87.8 deg limit=40 km/h osm_way_id=1193378249
2026-08-30 10:36:39,965 INFO theroadragetrip.police: Speed camera 6 placed at x=427667.2 y=7208828.9 heading=-177.4 deg limit=30 km/h osm_way_id=878945448
2026-08-30 10:36:39,965 INFO theroadragetrip.police: Speed camera 7 placed at x=427222.5 y=7209013.2 heading=-87.2 deg limit=30 km/h osm_way_id=250664278
2026-08-30 10:36:39,965 INFO theroadragetrip.police: Speed camera 8 placed at x=429498.3 y=7212515.0 heading=-48.2 deg limit=80 km/h osm_way_id=277069571
2026-08-30 10:36:39,966 INFO theroadragetrip.police: Speed camera 9 placed at x=425848.8 y=7211109.7 heading=67.2 deg limit=30 km/h osm_way_id=28016453
2026-08-30 10:36:39,966 INFO theroadragetrip.police: Speed camera 10 placed at x=429555.4 y=7209815.9 heading=-25.0 deg limit=60 km/h osm_way_id=1084995927
2026-08-30 10:36:39,966 INFO theroadragetrip.police: Speed camera 11 placed at x=427390.3 y=7210770.5 heading=-33.6 deg limit=30 km/h osm_way_id=87492173
2026-08-30 10:36:39,966 INFO theroadragetrip.police: Speed camera 12 placed at x=427159.1 y=7208832.8 heading=-177.8 deg limit=30 km/h osm_way_id=238556569
2026-08-30 10:36:39,966 INFO theroadragetrip.police: Speed camera 13 placed at x=429403.8 y=7212249.7 heading=2.5 deg limit=60 km/h osm_way_id=71882510
2026-08-30 10:36:39,966 INFO theroadragetrip.police: Speed camera 14 placed at x=428976.2 y=7211962.7 heading=21.4 deg limit=30 km/h osm_way_id=1200921309
2026-08-30 10:36:39,966 INFO theroadragetrip.police: Speed camera 15 placed at x=428361.2 y=7212030.0 heading=-1.5 deg limit=30 km/h osm_way_id=105727523
2026-08-30 10:36:39,966 INFO theroadragetrip.police: Speed camera 16 placed at x=428521.1 y=7212622.9 heading=167.9 deg limit=30 km/h osm_way_id=954448151
2026-08-30 10:36:39,966 INFO theroadragetrip.police: Speed camera 17 placed at x=429673.1 y=7210716.2 heading=100.9 deg limit=60 km/h osm_way_id=93465874
2026-08-30 10:36:39,966 INFO theroadragetrip.police: Speed camera 18 placed at x=427206.8 y=7209007.1 heading=-85.1 deg limit=30 km/h osm_way_id=1218166478
2026-08-30 10:36:39,966 INFO theroadragetrip.police: Speed camera 19 placed at x=427920.3 y=7211990.4 heading=-19.5 deg limit=30 km/h osm_way_id=87371628
2026-08-30 10:36:39,967 INFO theroadragetrip.police: Speed camera 20 placed at x=428489.4 y=7211171.3 heading=-35.4 deg limit=30 km/h osm_way_id=28764023
2026-08-30 10:36:39,967 INFO theroadragetrip.main: Placed 20 hidden speed cameras
2026-08-30 10:36:39,998 INFO theroadragetrip.main: Target NPC traffic: 50 cars for 12865 road ways
2026-08-30 10:36:40,029 INFO theroadragetrip.main: Placed 1 police patrol cars among NPC traffic
2026-08-30 10:36:40,271 INFO theroadragetrip.main: Entering gameplay loop
2026-08-30 10:36:40,288 INFO theroadragetrip.main: Gameplay frame: start
2026-08-30 10:36:40,288 INFO theroadragetrip.main: Gameplay frame: events complete
2026-08-30 10:36:40,288 INFO theroadragetrip.main: Gameplay frame: physics complete
2026-08-30 10:36:40,301 INFO theroadragetrip.main: Gameplay frame: collision checks complete
2026-08-30 10:36:40,358 INFO theroadragetrip.main: Gameplay frame: map update complete
2026-08-30 10:36:40,358 INFO theroadragetrip.main: Gameplay frame: rendering scenery
2026-08-30 10:36:40,422 INFO theroadragetrip.main: Gameplay frame: rendering water
2026-08-30 10:36:40,425 INFO theroadragetrip.main: Gameplay frame: rendering buildings
2026-08-30 10:36:40,517 INFO theroadragetrip.main: Gameplay frame: rendering roads
2026-08-30 10:36:40,553 INFO theroadragetrip.main: Gameplay frame: rendering overlays
2026-08-30 10:36:40,582 INFO theroadragetrip.main: Gameplay frame: flipping display
2026-08-30 10:36:40,583 INFO theroadragetrip.main: Gameplay frame: complete
2026-08-30 10:36:41,356 INFO theroadragetrip.brawl: Taxi brawl challenged: stop=(428133.7, 7210729.2) opponent=(428273.1, 7210933.2) distance=247.0m rage=0%
2026-08-30 10:36:42,597 INFO theroadragetrip.brawl: Taxi brawl challenger arrived at taxi stop: position=(428260.1, 7210940.0) distance_to_player=241.6m visible=False
2026-08-30 10:36:42,635 INFO theroadragetrip.brawl: Taxi brawl cancelled: challenger too far or player moved distance_to_player=241.6m
2026-08-30 10:36:42,635 INFO theroadragetrip.brawl: Taxi brawl declined: player drove away
2026-08-30 10:36:42,635 INFO theroadragetrip.brawl: Taxi brawl cleanup: escaped=True cooldown=20.0s opponent_removed=True waiting_at_stop=False
2026-08-30 10:36:45,710 INFO theroadragetrip.traffic: Traffic active: 17 NPC cars on roads (3 in view)
2026-08-30 10:36:50,702 INFO theroadragetrip.traffic: Traffic active: 17 NPC cars on roads (3 in view)
2026-08-30 10:36:52,084 INFO theroadragetrip.pedestrian: Pedestrian heading to taxi stop: x=428493.8 y=7210559.0 spawned=True
2026-08-30 10:36:55,683 INFO theroadragetrip.traffic: Traffic active: 17 NPC cars on roads (1 in view)
2026-08-30 10:36:56,867 INFO theroadragetrip.taxi: Taxi phone offers generated: count=1 pickup_distances=[922]
2026-08-30 10:37:00,810 INFO theroadragetrip.traffic: Traffic active: 17 NPC cars on roads (1 in view)
2026-08-30 10:37:02,853 INFO theroadragetrip.brawl: Taxi brawl challenged: stop=(428493.8, 7210559.0) opponent=(428395.1, 7210726.0) distance=194.0m rage=0%
2026-08-30 10:37:03,905 INFO theroadragetrip.brawl: Taxi brawl challenger arrived at taxi stop: position=(428404.0, 7210735.4) distance_to_player=193.1m visible=False
2026-08-30 10:37:03,935 INFO theroadragetrip.brawl: Taxi brawl cancelled: challenger too far or player moved distance_to_player=193.1m
2026-08-30 10:37:03,936 INFO theroadragetrip.brawl: Taxi brawl declined: player drove away
2026-08-30 10:37:03,936 INFO theroadragetrip.brawl: Taxi brawl cleanup: escaped=True cooldown=20.0s opponent_removed=True waiting_at_stop=False
2026-08-30 10:37:05,851 INFO theroadragetrip.traffic: Traffic active: 17 NPC cars on roads (0 in view)
2026-08-30 10:37:10,846 INFO theroadragetrip.traffic: Traffic active: 17 NPC cars on roads (0 in view)
2026-08-30 10:37:15,839 INFO theroadragetrip.traffic: Traffic active: 17 NPC cars on roads (0 in view)
2026-08-30 10:37:20,834 INFO theroadragetrip.traffic: Traffic active: 17 NPC cars on roads (0 in view)
2026-08-30 10:37:23,896 INFO theroadragetrip.brawl: Taxi brawl challenged: stop=(428493.8, 7210559.0) opponent=(428631.4, 7210473.4) distance=162.0m rage=0%
2026-08-30 10:37:24,641 INFO theroadragetrip.brawl: Taxi brawl challenger arrived at taxi stop: position=(428635.9, 7210481.0) distance_to_player=167.8m visible=False
2026-08-30 10:37:24,673 INFO theroadragetrip.brawl: Taxi brawl cancelled: challenger too far or player moved distance_to_player=167.8m
2026-08-30 10:37:24,673 INFO theroadragetrip.brawl: Taxi brawl declined: player drove away
2026-08-30 10:37:24,674 INFO theroadragetrip.brawl: Taxi brawl cleanup: escaped=True cooldown=20.0s opponent_removed=True waiting_at_stop=False
2026-08-30 10:37:25,802 INFO theroadragetrip.traffic: Traffic active: 17 NPC cars on roads (1 in view)
2026-08-30 10:37:30,860 INFO theroadragetrip.traffic: Traffic active: 17 NPC cars on roads (1 in view)
2026-08-30 10:37:35,931 INFO theroadragetrip.traffic: Traffic active: 17 NPC cars on roads (1 in view)
2026-08-30 10:37:40,944 INFO theroadragetrip.traffic: Traffic active: 17 NPC cars on roads (1 in view)
2026-08-30 10:37:44,548 INFO theroadragetrip.taxi: Passenger boarded: passenger=Petri pickup=Rautatienkatu 11b, Hammaslaboratorio Veli Heikkinen dropoff=Valtatie 43, ABC Oulu Tuira walking=True
2026-08-30 10:37:44,788 INFO theroadragetrip.brawl: Taxi brawl challenged: stop=(428493.8, 7210559.0) opponent=(428741.3, 7210593.4) distance=249.9m rage=0%
2026-08-30 10:37:45,034 INFO theroadragetrip.brawl: Taxi brawl challenger arrived at taxi stop: position=(428742.4, 7210596.1) distance_to_player=255.7m visible=False
2026-08-30 10:37:45,062 INFO theroadragetrip.brawl: Taxi brawl cancelled: challenger too far or player moved distance_to_player=255.7m
2026-08-30 10:37:45,062 INFO theroadragetrip.brawl: Taxi brawl declined: player drove away
2026-08-30 10:37:45,062 INFO theroadragetrip.brawl: Taxi brawl cleanup: escaped=True cooldown=20.0s opponent_removed=True waiting_at_stop=False
2026-08-30 10:37:45,931 INFO theroadragetrip.traffic: Traffic active: 17 NPC cars on roads (1 in view)
2026-08-30 10:37:49,227 INFO theroadragetrip.taxi: Passenger boarded after walking: passenger=Petri dropoff=Valtatie 43, ABC Oulu Tuira
2026-08-30 10:37:50,925 INFO theroadragetrip.traffic: Traffic active: 17 NPC cars on roads (1 in view)
2026-08-30 10:37:55,901 INFO theroadragetrip.traffic: Traffic active: 17 NPC cars on roads (2 in view)
2026-08-30 10:38:00,911 INFO theroadragetrip.traffic: Traffic active: 17 NPC cars on roads (2 in view)
2026-08-30 10:38:03,254 INFO theroadragetrip.main: Speed limiter disabled
2026-08-30 10:38:06,030 INFO theroadragetrip.traffic: Traffic active: 17 NPC cars on roads (3 in view)
2026-08-30 10:38:11,054 INFO theroadragetrip.traffic: Traffic active: 17 NPC cars on roads (2 in view)
2026-08-30 10:38:14,162 INFO theroadragetrip.taxi: Player crashed into NPC vehicle: -150 pts penalty (impact speed: 35.2 m/s)
2026-08-30 10:38:16,050 INFO theroadragetrip.traffic: Traffic active: 17 NPC cars on roads (3 in view)
2026-08-30 11:56:24,910 INFO theroadragetrip.main: Selected starting city: Oulu (bbox: (64.993982, 25.425347, 65.030018, 25.510653))
2026-08-30 11:56:25,133 INFO theroadragetrip.osm: Loaded OSM data from local cache
2026-08-30 11:56:25,359 INFO theroadragetrip.osm: Parsed 146323 OSM elements: 124027 nodes, 21946 ways, 303 relations
2026-08-30 11:56:25,372 INFO theroadragetrip.osm: Transforming 124027 node coordinates to EPSG:3067...
2026-08-30 11:56:25,453 INFO theroadragetrip.osm: Coordinate transformation finished in 0.314s (122603 nodes)
2026-08-30 11:56:30,246 INFO theroadragetrip.osm: Map generation complete in 5.107s: 12865 roads, 201 waters, 4187 buildings, 3314 scenery polygons, 1173 places, 776 traffic signals, 1024 crossings
2026-08-30 11:56:30,267 INFO theroadragetrip.roadworks: Roadwork generated: osm_way_id=1200952428 start=(428216.1, 7208895.7) end=(428182.6, 7208884.3) length=35.4m closure=full-road
2026-08-30 11:56:30,267 INFO theroadragetrip.roadworks: Roadwork generated: osm_way_id=1189637848 start=(429816.7, 7211077.4) end=(429772.6, 7211079.5) length=44.2m closure=full-road
2026-08-30 11:56:30,267 INFO theroadragetrip.roadworks: Roadwork generated: osm_way_id=436536914 start=(427291.5, 7212672.7) end=(427318.5, 7212666.8) length=27.7m closure=one-lane
2026-08-30 11:56:30,267 INFO theroadragetrip.main: Created 3 random roadworks (2 temporary lights)
2026-08-30 11:56:30,374 INFO theroadragetrip.police: Speed camera 1 placed at x=427478.2 y=7212644.0 heading=168.5 deg limit=60 km/h osm_way_id=34108613
2026-08-30 11:56:30,374 INFO theroadragetrip.police: Speed camera 2 placed at x=428884.9 y=7208612.2 heading=-15.7 deg limit=30 km/h osm_way_id=26358942
2026-08-30 11:56:30,374 INFO theroadragetrip.police: Speed camera 3 placed at x=426756.9 y=7209539.6 heading=-121.4 deg limit=30 km/h osm_way_id=1535621367
2026-08-30 11:56:30,374 INFO theroadragetrip.police: Speed camera 4 placed at x=427291.8 y=7209491.3 heading=-123.9 deg limit=30 km/h osm_way_id=89930797
2026-08-30 11:56:30,374 INFO theroadragetrip.police: Speed camera 5 placed at x=429140.3 y=7210558.7 heading=4.2 deg limit=40 km/h osm_way_id=479095259
2026-08-30 11:56:30,374 INFO theroadragetrip.police: Speed camera 6 placed at x=429730.3 y=7209383.0 heading=85.4 deg limit=20 km/h osm_way_id=1322341344
2026-08-30 11:56:30,374 INFO theroadragetrip.police: Speed camera 7 placed at x=428226.2 y=7212689.4 heading=-102.1 deg limit=30 km/h osm_way_id=835466372
2026-08-30 11:56:30,375 INFO theroadragetrip.police: Speed camera 8 placed at x=427549.3 y=7210032.9 heading=58.2 deg limit=30 km/h osm_way_id=880874023
2026-08-30 11:56:30,375 INFO theroadragetrip.police: Speed camera 9 placed at x=427389.1 y=7209167.1 heading=135.9 deg limit=30 km/h osm_way_id=1173402768
2026-08-30 11:56:30,375 INFO theroadragetrip.police: Speed camera 10 placed at x=427343.3 y=7208835.4 heading=2.5 deg limit=30 km/h osm_way_id=235114309
2026-08-30 11:56:30,375 INFO theroadragetrip.police: Speed camera 11 placed at x=428979.3 y=7210453.8 heading=-123.5 deg limit=30 km/h osm_way_id=87493898
2026-08-30 11:56:30,375 INFO theroadragetrip.police: Speed camera 12 placed at x=427223.5 y=7208785.9 heading=91.0 deg limit=30 km/h osm_way_id=1221901874
2026-08-30 11:56:30,375 INFO theroadragetrip.police: Speed camera 13 placed at x=427456.0 y=7210405.4 heading=57.5 deg limit=30 km/h osm_way_id=165811901
2026-08-30 11:56:30,375 INFO theroadragetrip.police: Speed camera 14 placed at x=429412.6 y=7212592.9 heading=-51.8 deg limit=80 km/h osm_way_id=4995374
2026-08-30 11:56:30,375 INFO theroadragetrip.police: Speed camera 15 placed at x=427302.6 y=7212622.4 heading=-21.6 deg limit=30 km/h osm_way_id=69981996
2026-08-30 11:56:30,375 INFO theroadragetrip.police: Speed camera 16 placed at x=428573.3 y=7212605.4 heading=-11.9 deg limit=30 km/h osm_way_id=954448147
2026-08-30 11:56:30,375 INFO theroadragetrip.police: Speed camera 17 placed at x=429768.1 y=7209991.4 heading=159.7 deg limit=30 km/h osm_way_id=840975982
2026-08-30 11:56:30,375 INFO theroadragetrip.police: Speed camera 18 placed at x=427828.2 y=7211352.7 heading=101.2 deg limit=50 km/h osm_way_id=43233319
2026-08-30 11:56:30,376 INFO theroadragetrip.police: Speed camera 19 placed at x=427491.4 y=7209768.3 heading=-32.6 deg limit=30 km/h osm_way_id=832460713
2026-08-30 11:56:30,376 INFO theroadragetrip.police: Speed camera 20 placed at x=427504.6 y=7209224.7 heading=-88.4 deg limit=30 km/h osm_way_id=994980803
2026-08-30 11:56:30,376 INFO theroadragetrip.main: Placed 20 hidden speed cameras
2026-08-30 11:56:30,404 INFO theroadragetrip.main: Target NPC traffic: 50 cars for 12865 road ways
2026-08-30 11:56:30,432 INFO theroadragetrip.main: Placed 1 police patrol cars among NPC traffic
2026-08-30 11:56:30,653 INFO theroadragetrip.main: Entering gameplay loop
2026-08-30 11:56:30,669 INFO theroadragetrip.main: Gameplay frame: start
2026-08-30 11:56:30,670 INFO theroadragetrip.main: Gameplay frame: events complete
2026-08-30 11:56:30,670 INFO theroadragetrip.main: Gameplay frame: physics complete
2026-08-30 11:56:30,674 INFO theroadragetrip.main: Gameplay frame: collision checks complete
2026-08-30 11:56:30,694 INFO theroadragetrip.main: Gameplay frame: map update complete
2026-08-30 11:56:30,695 INFO theroadragetrip.main: Gameplay frame: rendering scenery
2026-08-30 11:56:30,759 INFO theroadragetrip.main: Gameplay frame: rendering water
2026-08-30 11:56:30,762 INFO theroadragetrip.main: Gameplay frame: rendering buildings
2026-08-30 11:56:30,851 INFO theroadragetrip.main: Gameplay frame: rendering roads
2026-08-30 11:56:30,887 INFO theroadragetrip.main: Gameplay frame: rendering overlays
2026-08-30 11:56:30,915 INFO theroadragetrip.main: Gameplay frame: flipping display
2026-08-30 11:56:30,915 INFO theroadragetrip.main: Gameplay frame: complete
2026-08-30 11:56:35,911 INFO theroadragetrip.traffic: Traffic active: 17 NPC cars on roads (2 in view)
2026-08-30 11:56:40,866 INFO theroadragetrip.traffic: Traffic active: 17 NPC cars on roads (4 in view)
2026-08-30 11:56:45,813 INFO theroadragetrip.traffic: Traffic active: 17 NPC cars on roads (6 in view)
2026-08-30 11:56:50,772 INFO theroadragetrip.traffic: Traffic active: 17 NPC cars on roads (4 in view)
2026-08-30 11:56:55,567 INFO theroadragetrip.taxi: Taxi phone offers generated: count=1 pickup_distances=[471]
2026-08-30 11:56:55,729 INFO theroadragetrip.traffic: Traffic active: 17 NPC cars on roads (3 in view)
2026-08-30 11:56:59,137 INFO theroadragetrip.taxi: Taxi phone offer accepted: passenger=Pekka pickup=Pajatalo dropoff=Tähtitornin kahvila
2026-08-30 11:57:01,719 INFO theroadragetrip.main: Speed limiter disabled
2026-08-30 11:57:02,233 INFO theroadragetrip.traffic: Traffic active: 17 NPC cars on roads (4 in view)
2026-08-30 11:57:07,255 INFO theroadragetrip.traffic: Traffic active: 17 NPC cars on roads (1 in view)
2026-08-30 11:57:12,223 INFO theroadragetrip.traffic: Traffic active: 17 NPC cars on roads (4 in view)
2026-08-30 11:57:17,189 INFO theroadragetrip.traffic: Traffic active: 17 NPC cars on roads (2 in view)
2026-08-30 11:57:22,147 INFO theroadragetrip.traffic: Traffic active: 17 NPC cars on roads (3 in view)
2026-08-30 11:57:27,111 INFO theroadragetrip.traffic: Traffic active: 17 NPC cars on roads (6 in view)
2026-08-30 11:57:28,828 INFO theroadragetrip.taxi: Player crashed into NPC vehicle: -150 pts penalty (impact speed: 47.2 m/s)
2026-08-30 11:57:32,508 INFO theroadragetrip.traffic: Traffic active: 17 NPC cars on roads (2 in view)
2026-08-30 11:57:37,447 INFO theroadragetrip.traffic: Traffic active: 17 NPC cars on roads (7 in view)
2026-08-30 11:57:40,934 INFO theroadragetrip.taxi: Player crashed into NPC vehicle: -150 pts penalty (impact speed: 22.4 m/s)
2026-08-30 11:57:42,399 INFO theroadragetrip.traffic: Traffic active: 17 NPC cars on roads (7 in view)
2026-08-30 11:57:47,374 INFO theroadragetrip.traffic: Traffic active: 17 NPC cars on roads (7 in view)
2026-08-30 11:57:52,299 INFO theroadragetrip.traffic: Traffic active: 17 NPC cars on roads (4 in view)
2026-08-30 11:57:57,232 INFO theroadragetrip.traffic: Traffic active: 17 NPC cars on roads (5 in view)
2026-08-30 11:58:02,650 INFO theroadragetrip.traffic: Traffic active: 17 NPC cars on roads (1 in view)
2026-08-30 11:58:07,613 INFO theroadragetrip.traffic: Traffic active: 17 NPC cars on roads (3 in view)
2026-08-30 11:58:07,738 INFO theroadragetrip.taxi: Passenger reached pickup: passenger=Pekka walking to taxi
2026-08-30 11:58:09,303 INFO theroadragetrip.taxi: Passenger boarded after walking: passenger=Pekka dropoff=Tähtitornin kahvila
2026-08-30 11:58:12,560 INFO theroadragetrip.traffic: Traffic active: 17 NPC cars on roads (2 in view)
2026-08-30 11:58:17,495 INFO theroadragetrip.traffic: Traffic active: 17 NPC cars on roads (6 in view)
2026-08-30 11:58:22,438 INFO theroadragetrip.traffic: Traffic active: 17 NPC cars on roads (3 in view)
2026-08-30 11:58:25,138 INFO theroadragetrip.audio: Passenger chatter played: gender=man language=fi hash=f09ef992fcbab803
2026-08-30 11:58:26,140 INFO theroadragetrip.taxi: Player crashed into NPC vehicle: -150 pts penalty (impact speed: 34.6 m/s)
2026-08-30 11:58:27,377 INFO theroadragetrip.traffic: Traffic active: 17 NPC cars on roads (7 in view)
2026-08-30 11:58:32,328 INFO theroadragetrip.traffic: Traffic active: 17 NPC cars on roads (7 in view)
2026-08-30 11:58:35,501 INFO theroadragetrip.taxi: Player crashed into NPC vehicle: -150 pts penalty (impact speed: 32.0 m/s)
2026-08-30 11:58:37,753 INFO theroadragetrip.traffic: Traffic active: 17 NPC cars on roads (4 in view)
2026-08-30 11:58:38,520 INFO theroadragetrip.audio: Passenger chatter played: gender=man language=fi hash=ab1e1b449af6dfbb
2026-08-30 11:58:42,706 INFO theroadragetrip.traffic: Traffic active: 17 NPC cars on roads (4 in view)
2026-08-30 11:58:47,634 INFO theroadragetrip.traffic: Traffic active: 17 NPC cars on roads (4 in view)
2026-08-30 11:58:52,558 INFO theroadragetrip.traffic: Traffic active: 17 NPC cars on roads (4 in view)
2026-08-30 11:58:52,766 INFO theroadragetrip.audio: Passenger chatter played: gender=man language=fi hash=c44c368496af2a85
2026-08-30 11:58:57,484 INFO theroadragetrip.traffic: Traffic active: 17 NPC cars on roads (5 in view)
2026-08-30 11:59:02,418 INFO theroadragetrip.traffic: Traffic active: 17 NPC cars on roads (4 in view)
2026-08-30 11:59:02,515 INFO theroadragetrip.taxi: Player crashed into NPC vehicle: -150 pts penalty (impact speed: 3.0 m/s)
2026-08-30 11:59:07,832 INFO theroadragetrip.traffic: Traffic active: 17 NPC cars on roads (4 in view)
2026-08-30 11:59:08,112 INFO theroadragetrip.taxi: Player crashed into NPC vehicle: -150 pts penalty (impact speed: 3.0 m/s)
2026-08-30 11:59:11,995 INFO theroadragetrip.audio: Passenger chatter played: gender=man language=fi hash=f6af5043785648e3
2026-08-30 11:59:12,781 INFO theroadragetrip.traffic: Traffic active: 17 NPC cars on roads (4 in view)
2026-08-30 11:59:13,097 INFO theroadragetrip.taxi: Player crashed into NPC vehicle: -150 pts penalty (impact speed: 3.0 m/s)
2026-08-30 11:59:17,723 INFO theroadragetrip.traffic: Traffic active: 17 NPC cars on roads (3 in view)
2026-08-30 11:59:19,017 INFO theroadragetrip.audio: Passenger chatter played: gender=man language=fi hash=c44c368496af2a85
2026-08-30 11:59:22,661 INFO theroadragetrip.traffic: Traffic active: 17 NPC cars on roads (3 in view)
2026-08-30 11:59:27,606 INFO theroadragetrip.traffic: Traffic active: 17 NPC cars on roads (3 in view)
2026-08-30 11:59:29,024 INFO theroadragetrip.taxi: Player crashed into NPC vehicle: -150 pts penalty (impact speed: 4.1 m/s)
2026-08-30 11:59:32,537 INFO theroadragetrip.traffic: Traffic active: 17 NPC cars on roads (2 in view)
2026-08-30 11:59:34,059 INFO theroadragetrip.audio: Passenger chatter played: gender=man language=fi hash=f6af5043785648e3
2026-08-30 11:59:37,494 INFO theroadragetrip.traffic: Traffic active: 17 NPC cars on roads (2 in view)
2026-08-30 11:59:42,945 INFO theroadragetrip.traffic: Traffic active: 17 NPC cars on roads (2 in view)
2026-08-30 11:59:44,685 INFO theroadragetrip.taxi: Player crashed into NPC vehicle: -150 pts penalty (impact speed: 3.0 m/s)
2026-08-30 11:59:47,894 INFO theroadragetrip.traffic: Traffic active: 17 NPC cars on roads (1 in view)
2026-08-30 11:59:49,538 INFO theroadragetrip.audio: Passenger chatter played: gender=man language=fi hash=967b53905e9e1061
2026-08-30 11:59:52,822 INFO theroadragetrip.traffic: Traffic active: 17 NPC cars on roads (1 in view)
2026-08-30 11:59:53,464 INFO theroadragetrip.taxi: Player crashed into NPC vehicle: -150 pts penalty (impact speed: 3.0 m/s)
2026-08-30 11:59:57,739 INFO theroadragetrip.traffic: Traffic active: 17 NPC cars on roads (1 in view)
2026-08-30 12:00:02,256 INFO theroadragetrip.taxi: Player crashed into NPC vehicle: -150 pts penalty (impact speed: 3.0 m/s)
2026-08-30 12:00:02,681 INFO theroadragetrip.traffic: Traffic active: 17 NPC cars on roads (1 in view)
2026-08-30 12:00:07,494 INFO theroadragetrip.audio: Passenger chatter played: gender=man language=fi hash=4671ed814735ceb4
2026-08-30 12:00:07,617 INFO theroadragetrip.traffic: Traffic active: 17 NPC cars on roads (1 in view)
2026-08-30 12:00:10,705 INFO theroadragetrip.taxi: Player crashed into NPC vehicle: -150 pts penalty (impact speed: 3.0 m/s)
2026-08-30 12:00:13,080 INFO theroadragetrip.traffic: Traffic active: 17 NPC cars on roads (2 in view)
2026-08-30 12:00:18,065 INFO theroadragetrip.audio: Passenger chatter played: gender=man language=fi hash=4c37d6117739e37e
2026-08-30 12:00:18,065 INFO theroadragetrip.traffic: Traffic active: 17 NPC cars on roads (3 in view)
2026-08-30 12:00:23,016 INFO theroadragetrip.traffic: Traffic active: 17 NPC cars on roads (3 in view)
2026-08-30 12:00:28,311 INFO theroadragetrip.traffic: Traffic active: 17 NPC cars on roads (6 in view)
2026-08-30 12:00:33,699 INFO theroadragetrip.audio: Passenger chatter played: gender=man language=fi hash=1e8abd322e170933
2026-08-30 12:00:33,813 INFO theroadragetrip.traffic: Traffic active: 17 NPC cars on roads (7 in view)
2026-08-30 12:00:38,956 INFO theroadragetrip.traffic: Traffic active: 17 NPC cars on roads (8 in view)
2026-08-30 12:00:40,595 INFO theroadragetrip.taxi: Taxi fare completed: passenger=Pekka earned=750 total_score=-1050 elapsed=150.4s
2026-08-30 12:00:40,632 INFO theroadragetrip.taxi: Taxi phone offers generated: count=3 pickup_distances=[685, 920, 920]
2026-08-30 12:00:42,138 INFO theroadragetrip.main: Police traffic stop: -300 pts
2026-08-30 12:00:44,837 INFO theroadragetrip.traffic: Traffic active: 17 NPC cars on roads (7 in view)
2026-08-30 12:00:49,826 INFO theroadragetrip.traffic: Traffic active: 17 NPC cars on roads (7 in view)
2026-08-30 12:00:54,839 INFO theroadragetrip.traffic: Traffic active: 17 NPC cars on roads (7 in view)
2026-08-30 12:03:36,933 INFO theroadragetrip.main: Selected starting city: Sysmä (bbox: (61.484253, 25.642849, 61.520289, 25.718377))
2026-08-30 12:03:37,083 INFO theroadragetrip.osm: Loaded OSM data from local cache
2026-08-30 12:03:37,191 INFO theroadragetrip.osm: Parsed 125451 OSM elements: 121379 nodes, 4064 ways, 4 relations
2026-08-30 12:03:37,202 INFO theroadragetrip.osm: Transforming 121379 node coordinates to EPSG:3067...
2026-08-30 12:03:37,269 INFO theroadragetrip.osm: Coordinate transformation finished in 0.181s (121291 nodes)
2026-08-30 12:03:37,467 INFO theroadragetrip.osm: Map generation complete in 0.378s: 732 roads, 35 waters, 1601 buildings, 120 scenery polygons, 111 places, 0 traffic signals, 82 crossings
2026-08-30 12:03:37,477 INFO theroadragetrip.roadworks: Roadwork generated: osm_way_id=259738059 start=(429918.7, 6820104.2) end=(429945.3, 6820124.4) length=33.4m closure=full-road
2026-08-30 12:03:37,478 INFO theroadragetrip.roadworks: Roadwork generated: osm_way_id=461623405 start=(429703.5, 6819954.6) end=(429720.8, 6819998.4) length=48.3m closure=full-road
2026-08-30 12:03:37,478 INFO theroadragetrip.roadworks: Roadwork generated: osm_way_id=1083335816 start=(431130.3, 6821051.7) end=(431122.1, 6821077.5) length=27.1m closure=one-lane
2026-08-30 12:03:37,478 INFO theroadragetrip.main: Created 3 random roadworks (2 temporary lights)
2026-08-30 12:03:37,627 INFO theroadragetrip.police: Speed camera 1 placed at x=429789.7 y=6819275.2 heading=179.2 deg limit=40 km/h osm_way_id=168937330
2026-08-30 12:03:37,628 INFO theroadragetrip.police: Speed camera 2 placed at x=428989.1 y=6819644.5 heading=35.5 deg limit=40 km/h osm_way_id=169038319
2026-08-30 12:03:37,628 INFO theroadragetrip.main: Placed 2 hidden speed cameras
2026-08-30 12:03:37,634 INFO theroadragetrip.main: Target NPC traffic: 5 cars for 732 road ways
2026-08-30 12:03:37,636 INFO theroadragetrip.main: Placed 1 police patrol cars among NPC traffic
2026-08-30 12:03:37,675 INFO theroadragetrip.main: Entering gameplay loop
2026-08-30 12:03:37,691 INFO theroadragetrip.main: Gameplay frame: start
2026-08-30 12:03:37,691 INFO theroadragetrip.main: Gameplay frame: events complete
2026-08-30 12:03:37,692 INFO theroadragetrip.main: Gameplay frame: physics complete
2026-08-30 12:03:37,693 INFO theroadragetrip.main: Gameplay frame: collision checks complete
2026-08-30 12:03:37,707 INFO theroadragetrip.main: Gameplay frame: map update complete
2026-08-30 12:03:37,708 INFO theroadragetrip.main: Gameplay frame: rendering scenery
2026-08-30 12:03:37,710 INFO theroadragetrip.main: Gameplay frame: rendering water
2026-08-30 12:03:37,723 INFO theroadragetrip.main: Gameplay frame: rendering buildings
2026-08-30 12:03:37,742 INFO theroadragetrip.main: Gameplay frame: rendering roads
2026-08-30 12:03:37,745 INFO theroadragetrip.main: Gameplay frame: rendering overlays
2026-08-30 12:03:37,750 INFO theroadragetrip.main: Gameplay frame: flipping display
2026-08-30 12:03:37,750 INFO theroadragetrip.main: Gameplay frame: complete
2026-08-30 12:03:42,481 INFO theroadragetrip.traffic: Traffic active: 5 NPC cars on roads (5 in view)
2026-08-30 12:03:46,545 INFO theroadragetrip.taxi: Player crashed into NPC vehicle: -150 pts penalty (impact speed: 5.1 m/s)
2026-08-30 12:03:47,426 INFO theroadragetrip.traffic: Traffic active: 5 NPC cars on roads (5 in view)
2026-08-30 12:05:51,139 INFO theroadragetrip.main: Selected starting city: Sysmä (bbox: (61.484253, 25.642849, 61.520289, 25.718377))
2026-08-30 12:05:51,285 INFO theroadragetrip.osm: Loaded OSM data from local cache
2026-08-30 12:05:51,396 INFO theroadragetrip.osm: Parsed 125451 OSM elements: 121379 nodes, 4064 ways, 4 relations
2026-08-30 12:05:51,408 INFO theroadragetrip.osm: Transforming 121379 node coordinates to EPSG:3067...
2026-08-30 12:05:51,482 INFO theroadragetrip.osm: Coordinate transformation finished in 0.191s (121291 nodes)
2026-08-30 12:05:51,687 INFO theroadragetrip.osm: Map generation complete in 0.397s: 732 roads, 35 waters, 1601 buildings, 120 scenery polygons, 111 places, 0 traffic signals, 82 crossings
2026-08-30 12:05:51,699 INFO theroadragetrip.roadworks: Roadwork generated: osm_way_id=1548469859 start=(430736.2, 6820118.4) end=(430778.6, 6820117.2) length=47.2m closure=one-lane
2026-08-30 12:05:51,699 INFO theroadragetrip.roadworks: Roadwork generated: osm_way_id=1083320487 start=(429615.2, 6820882.9) end=(429648.8, 6820919.2) length=50.4m closure=one-lane
2026-08-30 12:05:51,699 INFO theroadragetrip.roadworks: Roadwork generated: osm_way_id=40860972 start=(429839.3, 6819598.8) end=(429789.5, 6819586.3) length=51.4m closure=one-lane
2026-08-30 12:05:51,699 INFO theroadragetrip.main: Created 3 random roadworks (6 temporary lights)
2026-08-30 12:05:51,876 INFO theroadragetrip.police: Speed camera 1 placed at x=429848.1 y=6820103.7 heading=-77.8 deg limit=30 km/h osm_way_id=1259635875
2026-08-30 12:05:51,876 INFO theroadragetrip.police: Speed camera 2 placed at x=431058.7 y=6818885.8 heading=1.8 deg limit=40 km/h osm_way_id=461623421
2026-08-30 12:05:51,876 INFO theroadragetrip.main: Placed 2 hidden speed cameras
2026-08-30 12:05:51,883 INFO theroadragetrip.main: Target NPC traffic: 5 cars for 732 road ways
2026-08-30 12:05:51,885 INFO theroadragetrip.main: Placed 1 police patrol cars among NPC traffic
2026-08-30 12:05:51,923 INFO theroadragetrip.main: Entering gameplay loop
2026-08-30 12:05:51,940 INFO theroadragetrip.main: Gameplay frame: start
2026-08-30 12:05:51,940 INFO theroadragetrip.main: Gameplay frame: events complete
2026-08-30 12:05:51,940 INFO theroadragetrip.main: Gameplay frame: physics complete
2026-08-30 12:05:51,941 INFO theroadragetrip.main: Gameplay frame: collision checks complete
2026-08-30 12:05:51,942 INFO theroadragetrip.main: Gameplay frame: map update complete
2026-08-30 12:05:51,942 INFO theroadragetrip.main: Gameplay frame: rendering scenery
2026-08-30 12:05:51,944 INFO theroadragetrip.main: Gameplay frame: rendering water
2026-08-30 12:05:51,958 INFO theroadragetrip.main: Gameplay frame: rendering buildings
2026-08-30 12:05:51,963 INFO theroadragetrip.main: Gameplay frame: rendering roads
2026-08-30 12:05:51,964 INFO theroadragetrip.main: Gameplay frame: rendering overlays
2026-08-30 12:05:51,967 INFO theroadragetrip.main: Gameplay frame: flipping display
2026-08-30 12:05:51,968 INFO theroadragetrip.main: Gameplay frame: complete
2026-08-30 12:05:56,791 INFO theroadragetrip.traffic: Traffic active: 5 NPC cars on roads (2 in view)
2026-08-30 12:06:01,646 INFO theroadragetrip.traffic: Traffic active: 5 NPC cars on roads (2 in view)
2026-08-30 12:06:06,578 INFO theroadragetrip.traffic: Traffic active: 5 NPC cars on roads (1 in view)
2026-08-30 12:06:10,843 INFO theroadragetrip.taxi: Taxi phone offers generated: count=1 pickup_distances=[962]
2026-08-30 12:06:11,514 INFO theroadragetrip.traffic: Traffic active: 5 NPC cars on roads (2 in view)
2026-08-30 12:06:18,363 INFO theroadragetrip.taxi: Taxi phone offer accepted: passenger=Timo pickup=Vääksyntie, Talasniementie dropoff=Sysmän kunnanvirasto
2026-08-30 12:06:19,854 INFO theroadragetrip.traffic: Traffic active: 5 NPC cars on roads (3 in view)
2026-08-30 12:06:21,827 INFO theroadragetrip.main: Speed limiter disabled
2026-08-30 12:06:22,158 INFO theroadragetrip.main: Speed limiter enabled
2026-08-30 12:06:24,736 INFO theroadragetrip.traffic: Traffic active: 5 NPC cars on roads (2 in view)
2026-08-30 12:16:04,470 INFO theroadragetrip.main: Selected starting city: Oulu (bbox: (64.993982, 25.425347, 65.030018, 25.510653))
2026-08-30 12:16:04,666 INFO theroadragetrip.osm: Loaded OSM data from local cache
2026-08-30 12:16:04,793 INFO theroadragetrip.osm: Parsed 146323 OSM elements: 124027 nodes, 21946 ways, 303 relations
2026-08-30 12:16:04,805 INFO theroadragetrip.osm: Transforming 124027 node coordinates to EPSG:3067...
2026-08-30 12:16:04,883 INFO theroadragetrip.osm: Coordinate transformation finished in 0.211s (122603 nodes)
2026-08-30 12:16:09,632 INFO theroadragetrip.osm: Map generation complete in 4.960s: 12865 roads, 201 waters, 4187 buildings, 3314 scenery polygons, 1173 places, 776 traffic signals, 1024 crossings
2026-08-30 12:16:09,654 INFO theroadragetrip.roadworks: Roadwork generated: osm_way_id=396422067 start=(427618.4, 7210614.1) end=(427640.2, 7210647.2) length=39.5m closure=one-lane
2026-08-30 12:16:09,654 INFO theroadragetrip.roadworks: Roadwork generated: osm_way_id=1201123065 start=(428520.0, 7212261.0) end=(428530.1, 7212287.3) length=28.3m closure=one-lane
2026-08-30 12:16:09,654 INFO theroadragetrip.roadworks: Roadwork generated: osm_way_id=24809795 start=(427260.0, 7210527.7) end=(427277.4, 7210553.3) length=31.0m closure=one-lane
2026-08-30 12:16:09,654 INFO theroadragetrip.main: Created 3 random roadworks (6 temporary lights)
2026-08-30 12:16:09,757 INFO theroadragetrip.police: Speed camera 1 placed at x=427206.7 y=7209008.1 heading=-85.1 deg limit=30 km/h osm_way_id=1218166478
2026-08-30 12:16:09,757 INFO theroadragetrip.police: Speed camera 2 placed at x=429686.0 y=7210166.3 heading=34.7 deg limit=30 km/h osm_way_id=1202613301
2026-08-30 12:16:09,757 INFO theroadragetrip.police: Speed camera 3 placed at x=428608.0 y=7210740.9 heading=-121.1 deg limit=30 km/h osm_way_id=1448242428
2026-08-30 12:16:09,757 INFO theroadragetrip.police: Speed camera 4 placed at x=427828.3 y=7211808.6 heading=-97.7 deg limit=50 km/h osm_way_id=28826860
2026-08-30 12:16:09,758 INFO theroadragetrip.police: Speed camera 5 placed at x=428426.2 y=7210603.9 heading=-34.0 deg limit=30 km/h osm_way_id=897752786
2026-08-30 12:16:09,758 INFO theroadragetrip.police: Speed camera 6 placed at x=429710.1 y=7211634.1 heading=-91.6 deg limit=100 km/h osm_way_id=52597885
2026-08-30 12:16:09,758 INFO theroadragetrip.police: Speed camera 7 placed at x=429529.2 y=7212256.4 heading=3.4 deg limit=60 km/h osm_way_id=479158192
2026-08-30 12:16:09,758 INFO theroadragetrip.police: Speed camera 8 placed at x=427452.0 y=7208834.8 heading=-88.3 deg limit=30 km/h osm_way_id=87370051
2026-08-30 12:16:09,758 INFO theroadragetrip.police: Speed camera 9 placed at x=428275.2 y=7210965.5 heading=-35.1 deg limit=30 km/h osm_way_id=877996888
2026-08-30 12:16:09,758 INFO theroadragetrip.police: Speed camera 10 placed at x=426193.9 y=7209298.5 heading=-5.8 deg limit=30 km/h osm_way_id=1240362415
2026-08-30 12:16:09,758 INFO theroadragetrip.police: Speed camera 11 placed at x=428047.0 y=7210245.5 heading=57.1 deg limit=30 km/h osm_way_id=816654286
2026-08-30 12:16:09,758 INFO theroadragetrip.police: Speed camera 12 placed at x=428951.4 y=7210504.0 heading=-123.2 deg limit=30 km/h osm_way_id=87493888
2026-08-30 12:16:09,758 INFO theroadragetrip.police: Speed camera 13 placed at x=428459.0 y=7209643.1 heading=-165.8 deg limit=30 km/h osm_way_id=1169052086
2026-08-30 12:16:09,758 INFO theroadragetrip.police: Speed camera 14 placed at x=426665.6 y=7209652.9 heading=148.3 deg limit=30 km/h osm_way_id=1197348995
2026-08-30 12:16:09,758 INFO theroadragetrip.police: Speed camera 15 placed at x=429025.7 y=7211409.5 heading=-118.4 deg limit=50 km/h osm_way_id=1200901668
2026-08-30 12:16:09,758 INFO theroadragetrip.police: Speed camera 16 placed at x=428355.8 y=7210193.5 heading=146.0 deg limit=30 km/h osm_way_id=28445069
2026-08-30 12:16:09,758 INFO theroadragetrip.police: Speed camera 17 placed at x=428687.4 y=7212047.5 heading=-0.7 deg limit=30 km/h osm_way_id=88494244
2026-08-30 12:16:09,758 INFO theroadragetrip.police: Speed camera 18 placed at x=426820.3 y=7208617.4 heading=39.5 deg limit=50 km/h osm_way_id=19745776
2026-08-30 12:16:09,758 INFO theroadragetrip.police: Speed camera 19 placed at x=427348.1 y=7212637.1 heading=-98.0 deg limit=40 km/h osm_way_id=1286458189
2026-08-30 12:16:09,758 INFO theroadragetrip.police: Speed camera 20 placed at x=428535.0 y=7209168.7 heading=108.6 deg limit=30 km/h osm_way_id=1445267703
2026-08-30 12:16:09,759 INFO theroadragetrip.main: Placed 20 hidden speed cameras
2026-08-30 12:16:09,786 INFO theroadragetrip.main: Target NPC traffic: 50 cars for 12865 road ways
2026-08-30 12:16:09,813 INFO theroadragetrip.main: Placed 1 police patrol cars among NPC traffic
2026-08-30 12:16:10,032 INFO theroadragetrip.main: Entering gameplay loop
2026-08-30 12:16:10,048 INFO theroadragetrip.main: Gameplay frame: start
2026-08-30 12:16:10,049 INFO theroadragetrip.main: Gameplay frame: events complete
2026-08-30 12:16:10,049 INFO theroadragetrip.main: Gameplay frame: physics complete
2026-08-30 12:16:10,061 INFO theroadragetrip.main: Gameplay frame: collision checks complete
2026-08-30 12:16:10,080 INFO theroadragetrip.main: Gameplay frame: map update complete
2026-08-30 12:16:10,080 INFO theroadragetrip.main: Gameplay frame: rendering scenery
2026-08-30 12:16:10,145 INFO theroadragetrip.main: Gameplay frame: rendering water
2026-08-30 12:16:10,147 INFO theroadragetrip.main: Gameplay frame: rendering buildings
2026-08-30 12:16:10,236 INFO theroadragetrip.main: Gameplay frame: rendering roads
2026-08-30 12:16:10,271 INFO theroadragetrip.main: Gameplay frame: rendering overlays
2026-08-30 12:16:10,294 INFO theroadragetrip.main: Gameplay frame: flipping display
2026-08-30 12:16:10,295 INFO theroadragetrip.main: Gameplay frame: complete
2026-08-30 12:16:15,355 INFO theroadragetrip.traffic: Traffic active: 17 NPC cars on roads (0 in view)
2026-08-30 12:16:20,269 INFO theroadragetrip.traffic: Traffic active: 17 NPC cars on roads (1 in view)
2026-08-30 12:16:25,189 INFO theroadragetrip.traffic: Traffic active: 17 NPC cars on roads (1 in view)
2026-08-30 12:16:30,125 INFO theroadragetrip.traffic: Traffic active: 17 NPC cars on roads (0 in view)
2026-08-30 12:16:34,004 INFO theroadragetrip.main: Speed limiter disabled
2026-08-30 12:16:35,054 INFO theroadragetrip.traffic: Traffic active: 17 NPC cars on roads (2 in view)
2026-08-30 12:16:35,417 INFO theroadragetrip.taxi: Taxi phone offers generated: count=1 pickup_distances=[206]
2026-08-30 12:16:40,562 INFO theroadragetrip.traffic: Traffic active: 17 NPC cars on roads (2 in view)
2026-08-30 12:16:43,086 INFO theroadragetrip.taxi: Taxi phone offer accepted: passenger=Eero pickup=Best Western Hotel Apollo dropoff=Lyötyn Parkki
2026-08-30 12:16:46,782 INFO theroadragetrip.traffic: Traffic active: 17 NPC cars on roads (2 in view)
2026-08-30 12:16:51,705 INFO theroadragetrip.traffic: Traffic active: 17 NPC cars on roads (3 in view)
2026-08-30 12:16:56,620 INFO theroadragetrip.traffic: Traffic active: 17 NPC cars on roads (7 in view)
2026-08-30 12:16:59,007 INFO theroadragetrip.taxi: Passenger reached pickup: passenger=Eero walking to taxi
2026-08-30 12:17:00,756 INFO theroadragetrip.taxi: Passenger boarded after walking: passenger=Eero dropoff=Lyötyn Parkki
2026-08-30 12:17:01,545 INFO theroadragetrip.traffic: Traffic active: 17 NPC cars on roads (5 in view)
2026-08-30 12:17:05,681 INFO theroadragetrip.taxi: Passenger reported nausea: passenger=Eero
2026-08-30 12:17:06,483 INFO theroadragetrip.traffic: Traffic active: 17 NPC cars on roads (3 in view)
2026-08-30 12:17:07,302 INFO theroadragetrip.audio: Passenger chatter played: gender=man language=fi hash=c44c368496af2a85
2026-08-30 12:17:07,497 INFO theroadragetrip.taxi: Passenger nausea relieved after taxi stopped: passenger=Eero
2026-08-30 12:17:11,966 INFO theroadragetrip.traffic: Traffic active: 17 NPC cars on roads (3 in view)
2026-08-30 12:17:16,898 INFO theroadragetrip.traffic: Traffic active: 17 NPC cars on roads (2 in view)
2026-08-30 12:20:42,439 INFO theroadragetrip.main: Selected starting city: Oulu (bbox: (64.993982, 25.425347, 65.030018, 25.510653))
2026-08-30 12:20:42,630 INFO theroadragetrip.osm: Loaded OSM data from local cache
2026-08-30 12:20:42,762 INFO theroadragetrip.osm: Parsed 146323 OSM elements: 124027 nodes, 21946 ways, 303 relations
2026-08-30 12:20:42,774 INFO theroadragetrip.osm: Transforming 124027 node coordinates to EPSG:3067...
2026-08-30 12:20:42,865 INFO theroadragetrip.osm: Coordinate transformation finished in 0.229s (122603 nodes)
2026-08-30 12:20:48,091 INFO theroadragetrip.osm: Map generation complete in 5.454s: 12865 roads, 201 waters, 4187 buildings, 3314 scenery polygons, 1173 places, 776 traffic signals, 1024 crossings
2026-08-30 12:20:48,131 INFO theroadragetrip.roadworks: Roadwork generated: osm_way_id=29107575 start=(427843.9, 7210172.4) end=(427868.8, 7210156.1) length=29.8m closure=full-road
2026-08-30 12:20:48,131 INFO theroadragetrip.roadworks: Roadwork generated: osm_way_id=40037032 start=(427524.7, 7209011.2) end=(427502.4, 7209015.8) length=25.4m closure=one-lane
2026-08-30 12:20:48,131 INFO theroadragetrip.roadworks: Roadwork generated: osm_way_id=35820978 start=(427697.3, 7212092.9) end=(427699.8, 7212122.6) length=29.8m closure=full-road
2026-08-30 12:20:48,131 INFO theroadragetrip.main: Created 3 random roadworks (2 temporary lights)
2026-08-30 12:20:48,245 INFO theroadragetrip.police: Speed camera 1 placed at x=428152.1 y=7210552.9 heading=57.0 deg limit=30 km/h osm_way_id=1521034141
2026-08-30 12:20:48,245 INFO theroadragetrip.police: Speed camera 2 placed at x=428293.4 y=7210612.8 heading=-34.9 deg limit=30 km/h osm_way_id=1520959788
2026-08-30 12:20:48,245 INFO theroadragetrip.police: Speed camera 3 placed at x=427870.4 y=7210487.5 heading=57.5 deg limit=30 km/h osm_way_id=871956344
2026-08-30 12:20:48,245 INFO theroadragetrip.police: Speed camera 4 placed at x=428979.5 y=7212005.0 heading=178.3 deg limit=30 km/h osm_way_id=111588092
2026-08-30 12:20:48,245 INFO theroadragetrip.police: Speed camera 5 placed at x=427812.4 y=7212717.2 heading=-84.6 deg limit=60 km/h osm_way_id=10626261
2026-08-30 12:20:48,245 INFO theroadragetrip.police: Speed camera 6 placed at x=426619.5 y=7212581.2 heading=38.9 deg limit=30 km/h osm_way_id=1181464999
2026-08-30 12:20:48,245 INFO theroadragetrip.police: Speed camera 7 placed at x=427670.9 y=7209547.5 heading=10.5 deg limit=30 km/h osm_way_id=1015439209
2026-08-30 12:20:48,245 INFO theroadragetrip.police: Speed camera 8 placed at x=427590.8 y=7210528.1 heading=56.8 deg limit=30 km/h osm_way_id=873143078
2026-08-30 12:20:48,245 INFO theroadragetrip.police: Speed camera 9 placed at x=429296.2 y=7210100.0 heading=146.5 deg limit=30 km/h osm_way_id=910725148
2026-08-30 12:20:48,245 INFO theroadragetrip.police: Speed camera 10 placed at x=426101.0 y=7208864.0 heading=-142.0 deg limit=30 km/h osm_way_id=1364031478
2026-08-30 12:20:48,245 INFO theroadragetrip.police: Speed camera 11 placed at x=429810.3 y=7211609.9 heading=167.3 deg limit=40 km/h osm_way_id=1227766125
2026-08-30 12:20:48,246 INFO theroadragetrip.police: Speed camera 12 placed at x=429709.7 y=7211619.8 heading=-91.6 deg limit=100 km/h osm_way_id=52597885
2026-08-30 12:20:48,246 INFO theroadragetrip.police: Speed camera 13 placed at x=427328.8 y=7210582.0 heading=-32.8 deg limit=30 km/h osm_way_id=24809796
2026-08-30 12:20:48,246 INFO theroadragetrip.police: Speed camera 14 placed at x=428266.1 y=7209286.0 heading=-161.6 deg limit=30 km/h osm_way_id=239370346
2026-08-30 12:20:48,246 INFO theroadragetrip.police: Speed camera 15 placed at x=427222.9 y=7209004.7 heading=-87.2 deg limit=30 km/h osm_way_id=250664278
2026-08-30 12:20:48,246 INFO theroadragetrip.police: Speed camera 16 placed at x=428130.5 y=7210249.5 heading=146.8 deg limit=30 km/h osm_way_id=437679856
2026-08-30 12:20:48,246 INFO theroadragetrip.police: Speed camera 17 placed at x=429163.4 y=7210266.2 heading=57.1 deg limit=30 km/h osm_way_id=39889052
2026-08-30 12:20:48,246 INFO theroadragetrip.police: Speed camera 18 placed at x=428450.1 y=7210842.4 heading=-33.7 deg limit=30 km/h osm_way_id=877996797
2026-08-30 12:20:48,246 INFO theroadragetrip.police: Speed camera 19 placed at x=428289.3 y=7208947.1 heading=106.3 deg limit=40 km/h osm_way_id=23102911
2026-08-30 12:20:48,246 INFO theroadragetrip.police: Speed camera 20 placed at x=429608.3 y=7210610.4 heading=7.6 deg limit=50 km/h osm_way_id=20189907
2026-08-30 12:20:48,246 INFO theroadragetrip.main: Placed 20 hidden speed cameras
2026-08-30 12:20:48,275 INFO theroadragetrip.main: Target NPC traffic: 50 cars for 12865 road ways
2026-08-30 12:20:48,310 INFO theroadragetrip.main: Placed 1 police patrol cars among NPC traffic
2026-08-30 12:20:48,554 INFO theroadragetrip.main: Entering gameplay loop
2026-08-30 12:20:48,570 INFO theroadragetrip.main: Gameplay frame: start
2026-08-30 12:20:48,570 INFO theroadragetrip.main: Gameplay frame: events complete
2026-08-30 12:20:48,571 INFO theroadragetrip.main: Gameplay frame: physics complete
2026-08-30 12:20:48,575 INFO theroadragetrip.main: Gameplay frame: collision checks complete
2026-08-30 12:20:48,607 INFO theroadragetrip.main: Gameplay frame: map update complete
2026-08-30 12:20:48,607 INFO theroadragetrip.main: Gameplay frame: rendering scenery
2026-08-30 12:20:48,674 INFO theroadragetrip.main: Gameplay frame: rendering water
2026-08-30 12:20:48,677 INFO theroadragetrip.main: Gameplay frame: rendering buildings
2026-08-30 12:20:48,770 INFO theroadragetrip.main: Gameplay frame: rendering roads
2026-08-30 12:20:48,807 INFO theroadragetrip.main: Gameplay frame: rendering overlays
2026-08-30 12:20:48,838 INFO theroadragetrip.main: Gameplay frame: flipping display
2026-08-30 12:20:48,839 INFO theroadragetrip.main: Gameplay frame: complete
2026-08-30 12:20:53,938 INFO theroadragetrip.traffic: Traffic active: 17 NPC cars on roads (5 in view)
2026-08-30 12:20:58,157 INFO theroadragetrip.main: Selected starting city: Sysmä (bbox: (61.484253, 25.642849, 61.520289, 25.718377))
2026-08-30 12:20:58,292 INFO theroadragetrip.osm: Loaded OSM data from local cache
2026-08-30 12:20:58,389 INFO theroadragetrip.osm: Parsed 125451 OSM elements: 121379 nodes, 4064 ways, 4 relations
2026-08-30 12:20:58,394 INFO theroadragetrip.osm: Transforming 121379 node coordinates to EPSG:3067...
2026-08-30 12:20:58,480 INFO theroadragetrip.osm: Coordinate transformation finished in 0.165s (121291 nodes)
2026-08-30 12:20:58,660 INFO theroadragetrip.osm: Map generation complete in 0.345s: 732 roads, 35 waters, 1601 buildings, 120 scenery polygons, 111 places, 0 traffic signals, 82 crossings
2026-08-30 12:20:58,672 INFO theroadragetrip.roadworks: Roadwork generated: osm_way_id=958661778 start=(429852.7, 6820681.5) end=(429884.5, 6820670.8) length=33.6m closure=full-road
2026-08-30 12:20:58,672 INFO theroadragetrip.roadworks: Roadwork generated: osm_way_id=55426543 start=(429602.2, 6819580.5) end=(429595.4, 6819620.7) length=40.7m closure=full-road
2026-08-30 12:20:58,672 INFO theroadragetrip.roadworks: Roadwork generated: osm_way_id=838159911 start=(429326.5, 6818875.9) end=(429356.4, 6818864.9) length=31.8m closure=full-road
2026-08-30 12:20:58,672 INFO theroadragetrip.main: Created 3 random roadworks (0 temporary lights)
2026-08-30 12:20:58,840 INFO theroadragetrip.police: Speed camera 1 placed at x=430116.7 y=6820691.8 heading=-7.4 deg limit=30 km/h osm_way_id=461623398
2026-08-30 12:20:58,840 INFO theroadragetrip.police: Speed camera 2 placed at x=431616.8 y=6818100.3 heading=116.4 deg limit=80 km/h osm_way_id=75513481
2026-08-30 12:20:58,840 INFO theroadragetrip.main: Placed 2 hidden speed cameras
2026-08-30 12:20:58,847 INFO theroadragetrip.main: Target NPC traffic: 5 cars for 732 road ways
2026-08-30 12:20:58,850 INFO theroadragetrip.main: Placed 1 police patrol cars among NPC traffic
2026-08-30 12:20:58,919 INFO theroadragetrip.main: Entering gameplay loop
2026-08-30 12:20:58,935 INFO theroadragetrip.main: Gameplay frame: start
2026-08-30 12:20:58,935 INFO theroadragetrip.main: Gameplay frame: events complete
2026-08-30 12:20:58,935 INFO theroadragetrip.main: Gameplay frame: physics complete
2026-08-30 12:20:58,936 INFO theroadragetrip.main: Gameplay frame: collision checks complete
2026-08-30 12:20:58,942 INFO theroadragetrip.main: Gameplay frame: map update complete
2026-08-30 12:20:58,942 INFO theroadragetrip.main: Gameplay frame: rendering scenery
2026-08-30 12:20:58,947 INFO theroadragetrip.main: Gameplay frame: rendering water
2026-08-30 12:20:58,962 INFO theroadragetrip.main: Gameplay frame: rendering buildings
2026-08-30 12:20:58,988 INFO theroadragetrip.main: Gameplay frame: rendering roads
2026-08-30 12:20:58,993 INFO theroadragetrip.main: Gameplay frame: rendering overlays
2026-08-30 12:20:58,998 INFO theroadragetrip.main: Gameplay frame: flipping display
2026-08-30 12:20:58,998 INFO theroadragetrip.main: Gameplay frame: complete
2026-08-30 12:21:04,038 INFO theroadragetrip.traffic: Traffic active: 5 NPC cars on roads (2 in view)
2026-08-30 12:21:09,125 INFO theroadragetrip.traffic: Traffic active: 5 NPC cars on roads (1 in view)
2026-08-30 12:21:11,990 INFO theroadragetrip.taxi: Taxi phone offers generated: count=1 pickup_distances=[429]
2026-08-30 12:21:14,426 INFO theroadragetrip.taxi: Taxi phone offer accepted: passenger=Sanna pickup=Sysmä Marina dropoff=Kitchen
2026-08-30 12:21:15,209 INFO theroadragetrip.traffic: Traffic active: 5 NPC cars on roads (0 in view)
2026-08-30 12:21:16,729 INFO theroadragetrip.main: Speed limiter disabled
2026-08-30 12:21:20,110 INFO theroadragetrip.traffic: Traffic active: 5 NPC cars on roads (4 in view)
2026-08-30 12:21:22,152 INFO theroadragetrip.taxi: Player crashed into NPC vehicle: -150 pts penalty (impact speed: 27.7 m/s)
2026-08-30 12:21:23,201 INFO theroadragetrip.main: Police traffic stop: -300 pts
2026-08-30 12:21:25,070 INFO theroadragetrip.traffic: Traffic active: 5 NPC cars on roads (3 in view)
2026-08-30 12:21:30,025 INFO theroadragetrip.traffic: Traffic active: 5 NPC cars on roads (2 in view)
2026-08-30 12:21:35,059 INFO theroadragetrip.traffic: Traffic active: 5 NPC cars on roads (1 in view)
2026-08-30 12:21:38,345 INFO theroadragetrip.taxi: Passenger reached pickup: passenger=Sanna walking to taxi
2026-08-30 12:21:39,506 INFO theroadragetrip.taxi: Player crashed into NPC vehicle: -150 pts penalty (impact speed: 7.4 m/s)
2026-08-30 12:21:39,758 INFO theroadragetrip.taxi: Passenger boarded after walking: passenger=Sanna dropoff=Kitchen
2026-08-30 12:21:40,150 INFO theroadragetrip.traffic: Traffic active: 5 NPC cars on roads (1 in view)
2026-08-30 12:21:44,760 INFO theroadragetrip.taxi: Passenger reported nausea: passenger=Sanna
2026-08-30 12:21:45,171 INFO theroadragetrip.traffic: Traffic active: 5 NPC cars on roads (1 in view)
2026-08-30 12:21:47,044 INFO theroadragetrip.taxi: Passenger nausea relieved after taxi stopped: passenger=Sanna
2026-08-30 12:21:48,916 INFO theroadragetrip.audio: Passenger chatter played: gender=woman language=fi hash=46872e0a6b4c81ec
2026-08-30 12:21:50,087 INFO theroadragetrip.traffic: Traffic active: 5 NPC cars on roads (1 in view)
2026-08-30 12:21:55,118 INFO theroadragetrip.traffic: Traffic active: 5 NPC cars on roads (2 in view)
2026-08-30 12:21:59,811 INFO theroadragetrip.taxi: Taxi fare completed: passenger=Sanna earned=1805 total_score=1205 elapsed=20.2s
2026-08-30 12:21:59,813 INFO theroadragetrip.taxi: Taxi phone offers generated: count=3 pickup_distances=[1038, 322, 974]
2026-08-30 12:22:00,058 INFO theroadragetrip.traffic: Traffic active: 5 NPC cars on roads (1 in view)
2026-08-30 12:22:00,513 INFO theroadragetrip.taxi: Player crashed into NPC vehicle: -150 pts penalty (impact speed: 13.5 m/s)
2026-08-30 12:22:04,030 INFO theroadragetrip.taxi: Taxi phone offer accepted: passenger=Eero pickup=Sysmä Marina dropoff=Sysmän kunnanvirasto
2026-08-30 12:22:07,810 INFO theroadragetrip.traffic: Traffic active: 5 NPC cars on roads (2 in view)
2026-08-30 12:22:12,748 INFO theroadragetrip.traffic: Traffic active: 5 NPC cars on roads (2 in view)
2026-08-30 12:22:17,644 INFO theroadragetrip.traffic: Traffic active: 5 NPC cars on roads (0 in view)
2026-08-30 12:22:18,316 INFO theroadragetrip.taxi: Passenger reached pickup: passenger=Eero walking to taxi
2026-08-30 12:22:21,261 INFO theroadragetrip.taxi: Passenger boarded after walking: passenger=Eero dropoff=Sysmän kunnanvirasto
2026-08-30 12:22:22,483 INFO theroadragetrip.traffic: Traffic active: 5 NPC cars on roads (0 in view)
2026-08-30 12:22:26,179 INFO theroadragetrip.taxi: Passenger reported nausea: passenger=Eero
2026-08-30 12:22:27,461 INFO theroadragetrip.traffic: Traffic active: 5 NPC cars on roads (1 in view)
2026-08-30 12:22:28,462 INFO theroadragetrip.taxi: Passenger nausea relieved after taxi stopped: passenger=Eero
2026-08-30 12:22:28,883 INFO theroadragetrip.audio: Passenger chatter played: gender=man language=fi hash=705e1ac61ea2e8d9
2026-08-30 12:22:32,457 INFO theroadragetrip.traffic: Traffic active: 5 NPC cars on roads (0 in view)
2026-08-30 12:22:34,300 INFO theroadragetrip.audio: Passenger chatter played: gender=man language=fi hash=bf1e1a7cad8f680b
2026-08-30 12:24:59,642 INFO theroadragetrip.main: Selected starting city: Sysmä (bbox: (61.484253, 25.642849, 61.520289, 25.718377))
2026-08-30 12:24:59,794 INFO theroadragetrip.osm: Loaded OSM data from local cache
2026-08-30 12:24:59,908 INFO theroadragetrip.osm: Parsed 125451 OSM elements: 121379 nodes, 4064 ways, 4 relations
2026-08-30 12:24:59,919 INFO theroadragetrip.osm: Transforming 121379 node coordinates to EPSG:3067...
2026-08-30 12:24:59,990 INFO theroadragetrip.osm: Coordinate transformation finished in 0.190s (121291 nodes)
2026-08-30 12:25:00,202 INFO theroadragetrip.osm: Map generation complete in 0.401s: 732 roads, 35 waters, 1601 buildings, 120 scenery polygons, 111 places, 0 traffic signals, 82 crossings
2026-08-30 12:25:00,213 INFO theroadragetrip.roadworks: Roadwork generated: osm_way_id=1083335817 start=(430960.0, 6820877.7) end=(430993.3, 6820881.9) length=33.6m closure=one-lane
2026-08-30 12:25:00,214 INFO theroadragetrip.roadworks: Roadwork generated: osm_way_id=169038305 start=(428604.4, 6819185.7) end=(428575.2, 6819200.9) length=32.9m closure=one-lane
2026-08-30 12:25:00,214 INFO theroadragetrip.roadworks: Roadwork generated: osm_way_id=461623405 start=(429707.8, 6819961.1) end=(429720.5, 6819989.0) length=31.3m closure=one-lane
2026-08-30 12:25:00,214 INFO theroadragetrip.main: Created 3 random roadworks (6 temporary lights)
2026-08-30 12:25:00,371 INFO theroadragetrip.police: Speed camera 1 placed at x=429837.4 y=6820113.8 heading=-78.3 deg limit=30 km/h osm_way_id=1259635874
2026-08-30 12:25:00,371 INFO theroadragetrip.police: Speed camera 2 placed at x=429769.7 y=6822190.5 heading=-97.2 deg limit=50 km/h osm_way_id=40860971
2026-08-30 12:25:00,371 INFO theroadragetrip.main: Placed 2 hidden speed cameras
2026-08-30 12:25:00,378 INFO theroadragetrip.main: Target NPC traffic: 5 cars for 732 road ways
2026-08-30 12:25:00,381 INFO theroadragetrip.main: Placed 1 police patrol cars among NPC traffic
2026-08-30 12:25:00,419 INFO theroadragetrip.main: Entering gameplay loop
2026-08-30 12:25:00,436 INFO theroadragetrip.main: Gameplay frame: start
2026-08-30 12:25:00,436 INFO theroadragetrip.main: Gameplay frame: events complete
2026-08-30 12:25:00,436 INFO theroadragetrip.main: Gameplay frame: physics complete
2026-08-30 12:25:00,437 INFO theroadragetrip.main: Gameplay frame: collision checks complete
2026-08-30 12:25:00,445 INFO theroadragetrip.main: Gameplay frame: map update complete
2026-08-30 12:25:00,446 INFO theroadragetrip.main: Gameplay frame: rendering scenery
2026-08-30 12:25:00,451 INFO theroadragetrip.main: Gameplay frame: rendering water
2026-08-30 12:25:00,465 INFO theroadragetrip.main: Gameplay frame: rendering buildings
2026-08-30 12:25:00,493 INFO theroadragetrip.main: Gameplay frame: rendering roads
2026-08-30 12:25:00,497 INFO theroadragetrip.main: Gameplay frame: rendering overlays
2026-08-30 12:25:00,503 INFO theroadragetrip.main: Gameplay frame: flipping display
2026-08-30 12:25:00,503 INFO theroadragetrip.main: Gameplay frame: complete
2026-08-30 12:25:05,359 INFO theroadragetrip.traffic: Traffic active: 5 NPC cars on roads (0 in view)
2026-08-30 12:25:10,335 INFO theroadragetrip.traffic: Traffic active: 5 NPC cars on roads (0 in view)
2026-08-30 12:25:15,289 INFO theroadragetrip.traffic: Traffic active: 5 NPC cars on roads (0 in view)
2026-08-30 12:25:17,029 INFO theroadragetrip.taxi: Taxi phone offers generated: count=1 pickup_distances=[636]
2026-08-30 12:25:20,218 INFO theroadragetrip.taxi: Taxi phone offer accepted: passenger=Petri pickup=ITtE näyttely dropoff=Sysmän helluntaiseurakunta
2026-08-30 12:25:21,485 INFO theroadragetrip.traffic: Traffic active: 5 NPC cars on roads (1 in view)
2026-08-30 12:25:22,349 INFO theroadragetrip.main: Speed limiter disabled
2026-08-30 12:25:26,576 INFO theroadragetrip.traffic: Traffic active: 5 NPC cars on roads (0 in view)
2026-08-30 12:25:31,611 INFO theroadragetrip.traffic: Traffic active: 5 NPC cars on roads (3 in view)
2026-08-30 12:25:36,505 INFO theroadragetrip.traffic: Traffic active: 5 NPC cars on roads (0 in view)
2026-08-30 12:25:41,482 INFO theroadragetrip.traffic: Traffic active: 5 NPC cars on roads (1 in view)
2026-08-30 12:25:44,301 INFO theroadragetrip.taxi: Passenger reached pickup: passenger=Petri walking to taxi
2026-08-30 12:25:45,800 INFO theroadragetrip.taxi: Passenger boarded after walking: passenger=Petri dropoff=Sysmän helluntaiseurakunta
2026-08-30 12:25:46,432 INFO theroadragetrip.traffic: Traffic active: 5 NPC cars on roads (1 in view)
2026-08-30 12:25:50,750 INFO theroadragetrip.taxi: Passenger reported nausea: passenger=Petri
2026-08-30 12:25:51,857 INFO theroadragetrip.traffic: Traffic active: 5 NPC cars on roads (1 in view)
2026-08-30 12:25:53,750 INFO theroadragetrip.taxi: Passenger nausea relieved after taxi stopped: passenger=Petri
2026-08-30 12:25:56,808 INFO theroadragetrip.traffic: Traffic active: 5 NPC cars on roads (0 in view)
2026-08-30 12:25:57,601 INFO theroadragetrip.audio: Passenger chatter played: gender=man language=fi hash=967b53905e9e1061
2026-08-30 12:26:01,757 INFO theroadragetrip.traffic: Traffic active: 5 NPC cars on roads (1 in view)
2026-08-30 12:26:16,542 INFO theroadragetrip.main: Selected starting city: Sysmä (bbox: (61.484253, 25.642849, 61.520289, 25.718377))
2026-08-30 12:26:16,690 INFO theroadragetrip.osm: Loaded OSM data from local cache
2026-08-30 12:26:16,802 INFO theroadragetrip.osm: Parsed 125451 OSM elements: 121379 nodes, 4064 ways, 4 relations
2026-08-30 12:26:16,814 INFO theroadragetrip.osm: Transforming 121379 node coordinates to EPSG:3067...
2026-08-30 12:26:16,885 INFO theroadragetrip.osm: Coordinate transformation finished in 0.189s (121291 nodes)
2026-08-30 12:26:17,093 INFO theroadragetrip.osm: Map generation complete in 0.396s: 732 roads, 35 waters, 1601 buildings, 120 scenery polygons, 111 places, 0 traffic signals, 82 crossings
2026-08-30 12:26:17,103 INFO theroadragetrip.roadworks: Roadwork generated: osm_way_id=168937339 start=(430380.8, 6819626.5) end=(430433.0, 6819614.7) length=53.6m closure=one-lane
2026-08-30 12:26:17,104 INFO theroadragetrip.roadworks: Roadwork generated: osm_way_id=1472898350 start=(430551.3, 6818808.4) end=(430523.3, 6818801.5) length=33.5m closure=one-lane
2026-08-30 12:26:17,104 INFO theroadragetrip.roadworks: Roadwork generated: osm_way_id=972951438 start=(431640.4, 6818153.3) end=(431681.6, 6818159.8) length=41.7m closure=full-road
2026-08-30 12:26:17,104 INFO theroadragetrip.main: Created 3 random roadworks (4 temporary lights)
2026-08-30 12:26:17,263 INFO theroadragetrip.police: Speed camera 1 placed at x=430392.1 y=6819586.0 heading=-104.4 deg limit=40 km/h osm_way_id=168937316
2026-08-30 12:26:17,263 INFO theroadragetrip.police: Speed camera 2 placed at x=428987.5 y=6819588.6 heading=-48.4 deg limit=40 km/h osm_way_id=75594097
2026-08-30 12:26:17,263 INFO theroadragetrip.main: Placed 2 hidden speed cameras
2026-08-30 12:26:17,270 INFO theroadragetrip.main: Target NPC traffic: 5 cars for 732 road ways
2026-08-30 12:26:17,272 INFO theroadragetrip.main: Placed 1 police patrol cars among NPC traffic
2026-08-30 12:26:17,309 INFO theroadragetrip.main: Entering gameplay loop
2026-08-30 12:26:17,325 INFO theroadragetrip.main: Gameplay frame: start
2026-08-30 12:26:17,326 INFO theroadragetrip.main: Gameplay frame: events complete
2026-08-30 12:26:17,326 INFO theroadragetrip.main: Gameplay frame: physics complete
2026-08-30 12:26:17,327 INFO theroadragetrip.main: Gameplay frame: collision checks complete
2026-08-30 12:26:17,330 INFO theroadragetrip.main: Gameplay frame: map update complete
2026-08-30 12:26:17,330 INFO theroadragetrip.main: Gameplay frame: rendering scenery
2026-08-30 12:26:17,335 INFO theroadragetrip.main: Gameplay frame: rendering water
2026-08-30 12:26:17,349 INFO theroadragetrip.main: Gameplay frame: rendering buildings
2026-08-30 12:26:17,367 INFO theroadragetrip.main: Gameplay frame: rendering roads
2026-08-30 12:26:17,370 INFO theroadragetrip.main: Gameplay frame: rendering overlays
2026-08-30 12:26:17,374 INFO theroadragetrip.main: Gameplay frame: flipping display
2026-08-30 12:26:17,375 INFO theroadragetrip.main: Gameplay frame: complete
2026-08-30 12:26:22,254 INFO theroadragetrip.traffic: Traffic active: 5 NPC cars on roads (2 in view)
2026-08-30 12:26:27,340 INFO theroadragetrip.traffic: Traffic active: 5 NPC cars on roads (1 in view)
2026-08-30 12:26:32,408 INFO theroadragetrip.traffic: Traffic active: 5 NPC cars on roads (1 in view)
2026-08-30 12:26:37,413 INFO theroadragetrip.traffic: Traffic active: 5 NPC cars on roads (0 in view)
2026-08-30 12:26:38,340 INFO theroadragetrip.taxi: Taxi phone offers generated: count=1 pickup_distances=[657]
2026-08-30 12:26:41,094 INFO theroadragetrip.taxi: Taxi phone offer accepted: passenger=Juho pickup=Kitchen dropoff=ITtE näyttely
2026-08-30 12:26:42,309 INFO theroadragetrip.main: Speed limiter disabled
2026-08-30 12:26:43,423 INFO theroadragetrip.traffic: Traffic active: 5 NPC cars on roads (1 in view)
2026-08-30 12:26:46,897 INFO theroadragetrip.main: Lane assist enabled
2026-08-30 12:26:48,377 INFO theroadragetrip.traffic: Traffic active: 5 NPC cars on roads (1 in view)
2026-08-30 12:26:53,325 INFO theroadragetrip.traffic: Traffic active: 5 NPC cars on roads (1 in view)
2026-08-30 12:26:58,335 INFO theroadragetrip.traffic: Traffic active: 5 NPC cars on roads (3 in view)
2026-08-30 12:27:01,705 INFO theroadragetrip.taxi: Passenger reached pickup: passenger=Juho walking to taxi
2026-08-30 12:27:03,437 INFO theroadragetrip.traffic: Traffic active: 5 NPC cars on roads (1 in view)
2026-08-30 12:27:07,406 INFO theroadragetrip.taxi: Passenger boarded after walking: passenger=Juho dropoff=ITtE näyttely
2026-08-30 12:27:08,468 INFO theroadragetrip.traffic: Traffic active: 5 NPC cars on roads (0 in view)
2026-08-30 12:27:12,407 INFO theroadragetrip.taxi: Passenger reported nausea: passenger=Juho
2026-08-30 12:27:13,459 INFO theroadragetrip.traffic: Traffic active: 5 NPC cars on roads (1 in view)
2026-08-30 12:27:16,381 INFO theroadragetrip.taxi: Passenger vomited in taxi: passenger=Juho penalty=500
2026-08-30 12:27:18,421 INFO theroadragetrip.traffic: Traffic active: 5 NPC cars on roads (1 in view)
2026-08-30 12:27:20,853 INFO theroadragetrip.audio: Passenger chatter played: gender=man language=fi hash=281141daf19b8e23
2026-08-30 12:27:21,715 INFO theroadragetrip.taxi: Taxi phone offers generated: count=3 pickup_distances=[230, 762, 719]
2026-08-30 12:27:21,716 INFO theroadragetrip.taxi: Passenger left taxi after vomiting: passenger=Juho
2026-08-30 12:27:23,371 INFO theroadragetrip.traffic: Traffic active: 5 NPC cars on roads (0 in view)
2026-08-30 12:27:28,314 INFO theroadragetrip.traffic: Traffic active: 5 NPC cars on roads (0 in view)
2026-08-30 12:29:32,736 INFO theroadragetrip.main: Selected starting city: Sysmä (bbox: (61.484253, 25.642849, 61.520289, 25.718377))
2026-08-30 12:29:32,883 INFO theroadragetrip.osm: Loaded OSM data from local cache
2026-08-30 12:29:32,995 INFO theroadragetrip.osm: Parsed 125451 OSM elements: 121379 nodes, 4064 ways, 4 relations
2026-08-30 12:29:33,006 INFO theroadragetrip.osm: Transforming 121379 node coordinates to EPSG:3067...
2026-08-30 12:29:33,077 INFO theroadragetrip.osm: Coordinate transformation finished in 0.187s (121291 nodes)
2026-08-30 12:29:33,280 INFO theroadragetrip.osm: Map generation complete in 0.391s: 732 roads, 35 waters, 1601 buildings, 120 scenery polygons, 111 places, 0 traffic signals, 82 crossings
2026-08-30 12:29:33,291 INFO theroadragetrip.roadworks: Roadwork generated: osm_way_id=958661798 start=(430990.0, 6820082.3) end=(431015.4, 6820080.8) length=27.3m closure=one-lane
2026-08-30 12:29:33,291 INFO theroadragetrip.roadworks: Roadwork generated: osm_way_id=40860972 start=(429855.4, 6819602.1) end=(429817.1, 6819593.3) length=39.4m closure=full-road
2026-08-30 12:29:33,291 INFO theroadragetrip.roadworks: Roadwork generated: osm_way_id=168937332 start=(429803.9, 6819208.9) end=(429841.8, 6819208.4) length=37.9m closure=full-road
2026-08-30 12:29:33,291 INFO theroadragetrip.main: Created 3 random roadworks (2 temporary lights)
2026-08-30 12:29:33,453 INFO theroadragetrip.police: Speed camera 1 placed at x=429775.6 y=6820306.4 heading=127.6 deg limit=30 km/h osm_way_id=957661114
2026-08-30 12:29:33,453 INFO theroadragetrip.police: Speed camera 2 placed at x=431797.2 y=6817643.0 heading=99.8 deg limit=80 km/h osm_way_id=25444841
2026-08-30 12:29:33,453 INFO theroadragetrip.main: Placed 2 hidden speed cameras
2026-08-30 12:29:33,460 INFO theroadragetrip.main: Target NPC traffic: 5 cars for 732 road ways
2026-08-30 12:29:33,462 INFO theroadragetrip.main: Placed 1 police patrol cars among NPC traffic
2026-08-30 12:29:33,499 INFO theroadragetrip.main: Entering gameplay loop
2026-08-30 12:29:33,516 INFO theroadragetrip.main: Gameplay frame: start
2026-08-30 12:29:33,516 INFO theroadragetrip.main: Gameplay frame: events complete
2026-08-30 12:29:33,516 INFO theroadragetrip.main: Gameplay frame: physics complete
2026-08-30 12:29:33,517 INFO theroadragetrip.main: Gameplay frame: collision checks complete
2026-08-30 12:29:33,520 INFO theroadragetrip.main: Gameplay frame: map update complete
2026-08-30 12:29:33,521 INFO theroadragetrip.main: Gameplay frame: rendering scenery
2026-08-30 12:29:33,526 INFO theroadragetrip.main: Gameplay frame: rendering water
2026-08-30 12:29:33,540 INFO theroadragetrip.main: Gameplay frame: rendering buildings
2026-08-30 12:29:33,566 INFO theroadragetrip.main: Gameplay frame: rendering roads
2026-08-30 12:29:33,570 INFO theroadragetrip.main: Gameplay frame: rendering overlays
2026-08-30 12:29:33,575 INFO theroadragetrip.main: Gameplay frame: flipping display
2026-08-30 12:29:33,576 INFO theroadragetrip.main: Gameplay frame: complete
2026-08-30 12:29:38,312 INFO theroadragetrip.traffic: Traffic active: 5 NPC cars on roads (1 in view)
2026-08-30 12:29:43,798 INFO theroadragetrip.traffic: Traffic active: 5 NPC cars on roads (2 in view)
2026-08-30 12:29:48,748 INFO theroadragetrip.traffic: Traffic active: 5 NPC cars on roads (3 in view)
2026-08-30 12:29:53,696 INFO theroadragetrip.traffic: Traffic active: 5 NPC cars on roads (3 in view)
2026-08-30 12:29:55,270 INFO theroadragetrip.taxi: Taxi phone offers generated: count=1 pickup_distances=[750]
2026-08-30 12:29:58,306 INFO theroadragetrip.taxi: Taxi phone offer accepted: passenger=Lauri pickup=Päijänne Areena dropoff=Välinevarasto
2026-08-30 12:29:59,889 INFO theroadragetrip.traffic: Traffic active: 5 NPC cars on roads (2 in view)
2026-08-30 12:30:04,022 INFO theroadragetrip.main: Speed limiter disabled
2026-08-30 12:30:04,809 INFO theroadragetrip.traffic: Traffic active: 5 NPC cars on roads (4 in view)
2026-08-30 12:30:08,761 INFO theroadragetrip.taxi: Player crashed into NPC vehicle: -150 pts penalty (impact speed: 8.5 m/s)
2026-08-30 12:30:09,743 INFO theroadragetrip.traffic: Traffic active: 5 NPC cars on roads (4 in view)
2026-08-30 12:30:15,142 INFO theroadragetrip.traffic: Traffic active: 5 NPC cars on roads (4 in view)
2026-08-30 12:30:20,085 INFO theroadragetrip.traffic: Traffic active: 5 NPC cars on roads (4 in view)
2026-08-30 12:30:24,998 INFO theroadragetrip.traffic: Traffic active: 5 NPC cars on roads (2 in view)
2026-08-30 12:30:29,875 INFO theroadragetrip.traffic: Traffic active: 5 NPC cars on roads (0 in view)
2026-08-30 12:30:34,811 INFO theroadragetrip.traffic: Traffic active: 5 NPC cars on roads (0 in view)
2026-08-30 12:30:39,760 INFO theroadragetrip.traffic: Traffic active: 5 NPC cars on roads (0 in view)
2026-08-30 12:30:41,393 INFO theroadragetrip.taxi: Passenger reached pickup: passenger=Lauri walking to taxi
2026-08-30 12:30:45,226 INFO theroadragetrip.traffic: Traffic active: 5 NPC cars on roads (0 in view)
2026-08-30 12:30:47,993 INFO theroadragetrip.taxi: Passenger boarded after walking: passenger=Lauri dropoff=Välinevarasto
2026-08-30 12:30:50,177 INFO theroadragetrip.traffic: Traffic active: 5 NPC cars on roads (1 in view)
2026-08-30 12:30:52,931 INFO theroadragetrip.taxi: Passenger reported nausea: passenger=Lauri
2026-08-30 12:30:53,100 INFO theroadragetrip.taxi: Passenger nausea relieved after taxi stopped: passenger=Lauri
2026-08-30 12:30:55,122 INFO theroadragetrip.traffic: Traffic active: 5 NPC cars on roads (1 in view)
2026-08-30 12:31:00,025 INFO theroadragetrip.traffic: Traffic active: 5 NPC cars on roads (0 in view)
2026-08-30 12:31:00,531 INFO theroadragetrip.main: Screenshot saved to screenshots/screenshot_1788082260502180697.png
2026-08-30 12:31:03,701 INFO theroadragetrip.audio: Passenger chatter played: gender=man language=fi hash=c44c368496af2a85
2026-08-30 12:31:04,928 INFO theroadragetrip.traffic: Traffic active: 5 NPC cars on roads (0 in view)
2026-08-30 12:31:09,871 INFO theroadragetrip.traffic: Traffic active: 5 NPC cars on roads (0 in view)
2026-08-30 12:31:14,812 INFO theroadragetrip.traffic: Traffic active: 5 NPC cars on roads (0 in view)
2026-08-30 12:31:20,281 INFO theroadragetrip.traffic: Traffic active: 5 NPC cars on roads (0 in view)
2026-08-30 12:31:21,332 INFO theroadragetrip.audio: Passenger chatter played: gender=man language=fi hash=8b2bb7c91cd002e0
2026-08-30 12:31:25,218 INFO theroadragetrip.traffic: Traffic active: 5 NPC cars on roads (0 in view)
2026-08-30 12:31:26,763 INFO theroadragetrip.audio: Passenger chatter played: gender=man language=fi hash=cd6a8c7664ca8200
2026-08-30 12:31:30,147 INFO theroadragetrip.traffic: Traffic active: 5 NPC cars on roads (0 in view)
2026-08-30 12:31:35,041 INFO theroadragetrip.traffic: Traffic active: 5 NPC cars on roads (0 in view)
2026-08-30 12:31:36,911 INFO theroadragetrip.audio: Passenger chatter played: gender=man language=fi hash=abf531dd8d5b6937
2026-08-30 12:31:39,957 INFO theroadragetrip.traffic: Traffic active: 5 NPC cars on roads (0 in view)
2026-08-30 12:31:44,869 INFO theroadragetrip.traffic: Traffic active: 5 NPC cars on roads (0 in view)
2026-08-30 12:31:47,662 INFO theroadragetrip.audio: Passenger chatter played: gender=man language=fi hash=8b2bb7c91cd002e0
2026-08-30 12:31:50,374 INFO theroadragetrip.traffic: Traffic active: 5 NPC cars on roads (0 in view)
2026-08-30 12:31:55,321 INFO theroadragetrip.traffic: Traffic active: 5 NPC cars on roads (0 in view)
2026-08-30 12:31:57,334 INFO theroadragetrip.audio: Passenger chatter played: gender=man language=fi hash=967b53905e9e1061
2026-08-30 12:32:00,269 INFO theroadragetrip.traffic: Traffic active: 5 NPC cars on roads (4 in view)
2026-08-30 12:32:05,182 INFO theroadragetrip.traffic: Traffic active: 5 NPC cars on roads (0 in view)
2026-08-30 12:32:05,289 INFO theroadragetrip.audio: Passenger chatter played: gender=man language=fi hash=d5bc71510cc24a11
2026-08-30 12:32:10,092 INFO theroadragetrip.traffic: Traffic active: 5 NPC cars on roads (0 in view)
2026-08-30 12:32:15,016 INFO theroadragetrip.traffic: Traffic active: 5 NPC cars on roads (0 in view)
2026-08-30 12:32:19,953 INFO theroadragetrip.traffic: Traffic active: 5 NPC cars on roads (0 in view)
2026-08-30 12:32:21,911 INFO theroadragetrip.audio: Passenger chatter played: gender=man language=fi hash=f6af5043785648e3
2026-08-30 12:32:23,624 INFO theroadragetrip.taxi: Player crashed into building: -200 pts
2026-08-30 12:32:25,740 INFO theroadragetrip.traffic: Traffic active: 5 NPC cars on roads (0 in view)
2026-08-30 12:32:26,226 INFO theroadragetrip.taxi: Taxi mission discarded: passenger=Lauri reason=Fare cancelled penalty=150
2026-08-30 12:32:26,228 INFO theroadragetrip.taxi: Taxi phone offers generated: count=3 pickup_distances=[258, 416, 258]
2026-08-30 12:32:26,228 INFO theroadragetrip.main: Passenger fare discarded by player
2026-08-30 12:32:32,173 INFO theroadragetrip.taxi: Taxi phone offer accepted: passenger=Laura pickup=Sysmän kunnanvirasto dropoff=Sysmä Marina
2026-08-30 12:32:32,608 INFO theroadragetrip.traffic: Traffic active: 5 NPC cars on roads (0 in view)
2026-08-30 12:32:37,486 INFO theroadragetrip.traffic: Traffic active: 5 NPC cars on roads (2 in view)
2026-08-30 12:32:42,386 INFO theroadragetrip.traffic: Traffic active: 5 NPC cars on roads (4 in view)
2026-08-30 12:32:47,327 INFO theroadragetrip.traffic: Traffic active: 5 NPC cars on roads (1 in view)
2026-08-30 12:32:47,712 INFO theroadragetrip.taxi: Passenger reached pickup: passenger=Laura walking to taxi
2026-08-30 12:32:50,380 INFO theroadragetrip.taxi: Passenger boarded after walking: passenger=Laura dropoff=Sysmä Marina
2026-08-30 12:32:52,273 INFO theroadragetrip.traffic: Traffic active: 5 NPC cars on roads (0 in view)
2026-08-30 12:32:55,890 INFO theroadragetrip.taxi: Passenger reported nausea: passenger=Laura
2026-08-30 12:32:55,912 INFO theroadragetrip.taxi: Passenger nausea relieved after taxi stopped: passenger=Laura
2026-08-30 12:32:57,781 INFO theroadragetrip.traffic: Traffic active: 5 NPC cars on roads (0 in view)
2026-08-30 12:32:59,381 INFO theroadragetrip.audio: Passenger chatter played: gender=woman language=fi hash=cd6a8c7664ca8200
2026-08-30 12:33:02,712 INFO theroadragetrip.traffic: Traffic active: 5 NPC cars on roads (0 in view)
2026-08-30 12:33:04,336 INFO theroadragetrip.taxi: Taxi mission discarded: passenger=Laura reason=Fare cancelled penalty=150
2026-08-30 12:33:04,338 INFO theroadragetrip.taxi: Taxi phone offers generated: count=3 pickup_distances=[221, 680, 230]
2026-08-30 12:33:04,339 INFO theroadragetrip.main: Passenger fare discarded by player
2026-08-30 12:33:10,324 INFO theroadragetrip.taxi: Taxi phone offer accepted: passenger=Katri pickup=K-Market dropoff=Camping Sysmä
2026-08-30 12:33:11,043 INFO theroadragetrip.traffic: Traffic active: 5 NPC cars on roads (1 in view)
2026-08-30 12:33:15,952 INFO theroadragetrip.traffic: Traffic active: 5 NPC cars on roads (2 in view)
2026-08-30 12:33:20,882 INFO theroadragetrip.traffic: Traffic active: 5 NPC cars on roads (2 in view)
2026-08-30 12:33:22,922 INFO theroadragetrip.taxi: Player crashed into NPC vehicle: -150 pts penalty (impact speed: 32.4 m/s)
2026-08-30 12:33:25,822 INFO theroadragetrip.traffic: Traffic active: 5 NPC cars on roads (2 in view)
2026-08-30 12:33:31,321 INFO theroadragetrip.traffic: Traffic active: 5 NPC cars on roads (2 in view)
2026-08-30 12:33:33,606 INFO theroadragetrip.taxi: Passenger reached pickup: passenger=Katri walking to taxi
2026-08-30 12:33:36,257 INFO theroadragetrip.traffic: Traffic active: 5 NPC cars on roads (2 in view)
2026-08-30 12:33:37,702 INFO theroadragetrip.taxi: Passenger boarded after walking: passenger=Katri dropoff=Camping Sysmä
2026-08-30 12:33:40,727 INFO theroadragetrip.taxi: Player crashed into NPC vehicle: -150 pts penalty (impact speed: 6.9 m/s)
2026-08-30 12:33:41,159 INFO theroadragetrip.traffic: Traffic active: 5 NPC cars on roads (2 in view)
2026-08-30 12:33:42,607 INFO theroadragetrip.taxi: Passenger reported nausea: passenger=Katri
2026-08-30 12:33:42,665 INFO theroadragetrip.taxi: Passenger nausea relieved after taxi stopped: passenger=Katri
2026-08-30 12:33:43,135 INFO theroadragetrip.audio: Passenger chatter played: gender=woman language=fi hash=bc0add64cb9528d5
2026-08-30 12:33:46,056 INFO theroadragetrip.traffic: Traffic active: 5 NPC cars on roads (2 in view)
2026-08-30 12:33:46,871 INFO theroadragetrip.taxi: Taxi mission discarded: passenger=Katri reason=Fare cancelled penalty=150
2026-08-30 12:33:46,873 INFO theroadragetrip.taxi: Taxi phone offers generated: count=3 pickup_distances=[185, 601, 185]
2026-08-30 12:33:46,873 INFO theroadragetrip.main: Passenger fare discarded by player
2026-08-30 12:33:49,924 INFO theroadragetrip.taxi: Taxi phone offer accepted: passenger=Heikki pickup=Tokmanni dropoff=Välinevarasto
2026-08-30 12:33:52,420 INFO theroadragetrip.traffic: Traffic active: 5 NPC cars on roads (1 in view)
2026-08-30 12:33:57,348 INFO theroadragetrip.traffic: Traffic active: 5 NPC cars on roads (1 in view)
2026-08-30 12:34:02,291 INFO theroadragetrip.traffic: Traffic active: 5 NPC cars on roads (3 in view)
2026-08-30 12:34:03,256 INFO theroadragetrip.taxi: Passenger reached pickup: passenger=Heikki walking to taxi
2026-08-30 12:34:06,205 INFO theroadragetrip.taxi: Passenger boarded after walking: passenger=Heikki dropoff=Välinevarasto
2026-08-30 12:34:07,233 INFO theroadragetrip.traffic: Traffic active: 5 NPC cars on roads (0 in view)
2026-08-30 12:34:11,159 INFO theroadragetrip.taxi: Passenger reported nausea: passenger=Heikki
2026-08-30 12:34:12,190 INFO theroadragetrip.traffic: Traffic active: 5 NPC cars on roads (1 in view)
2026-08-30 12:34:15,156 INFO theroadragetrip.taxi: Passenger vomited in taxi: passenger=Heikki penalty=500
2026-08-30 12:34:17,888 INFO theroadragetrip.traffic: Traffic active: 5 NPC cars on roads (2 in view)
2026-08-30 12:34:19,162 INFO theroadragetrip.taxi: Taxi phone offers generated: count=3 pickup_distances=[466, 349, 466]
2026-08-30 12:34:19,162 INFO theroadragetrip.taxi: Passenger left taxi after vomiting: passenger=Heikki
2026-08-30 12:34:22,835 INFO theroadragetrip.traffic: Traffic active: 5 NPC cars on roads (1 in view)
2026-08-30 12:34:25,298 INFO theroadragetrip.main: Labels disabled
2026-08-30 12:34:27,780 INFO theroadragetrip.traffic: Traffic active: 5 NPC cars on roads (1 in view)
2026-08-30 12:36:29,498 INFO theroadragetrip.main: Selected starting city: Sysmä (bbox: (61.484253, 25.642849, 61.520289, 25.718377))
2026-08-30 12:36:29,649 INFO theroadragetrip.osm: Loaded OSM data from local cache
2026-08-30 12:36:29,762 INFO theroadragetrip.osm: Parsed 125451 OSM elements: 121379 nodes, 4064 ways, 4 relations
2026-08-30 12:36:29,774 INFO theroadragetrip.osm: Transforming 121379 node coordinates to EPSG:3067...
2026-08-30 12:36:29,846 INFO theroadragetrip.osm: Coordinate transformation finished in 0.190s (121291 nodes)
2026-08-30 12:36:30,065 INFO theroadragetrip.osm: Map generation complete in 0.410s: 732 roads, 35 waters, 1601 buildings, 120 scenery polygons, 111 places, 0 traffic signals, 82 crossings
2026-08-30 12:36:30,077 INFO theroadragetrip.roadworks: Roadwork generated: osm_way_id=169038315 start=(429365.6, 6819553.7) end=(429412.2, 6819524.9) length=54.8m closure=one-lane
2026-08-30 12:36:30,077 INFO theroadragetrip.roadworks: Roadwork generated: osm_way_id=169038319 start=(428988.9, 6819644.4) end=(429024.9, 6819668.3) length=43.2m closure=one-lane
2026-08-30 12:36:30,077 INFO theroadragetrip.roadworks: Roadwork generated: osm_way_id=259738045 start=(429734.8, 6819649.0) end=(429764.2, 6819654.2) length=29.9m closure=one-lane
2026-08-30 12:36:30,077 INFO theroadragetrip.main: Created 3 random roadworks (6 temporary lights)
2026-08-30 12:36:30,249 INFO theroadragetrip.police: Speed camera 1 placed at x=428687.3 y=6819294.7 heading=55.8 deg limit=30 km/h osm_way_id=1548469865
2026-08-30 12:36:30,249 INFO theroadragetrip.police: Speed camera 2 placed at x=431569.7 y=6818446.9 heading=-119.9 deg limit=40 km/h osm_way_id=711107354
2026-08-30 12:36:30,249 INFO theroadragetrip.main: Placed 2 hidden speed cameras
2026-08-30 12:36:30,257 INFO theroadragetrip.main: Target NPC traffic: 5 cars for 732 road ways
2026-08-30 12:36:30,260 INFO theroadragetrip.main: Placed 1 police patrol cars among NPC traffic
2026-08-30 12:36:30,302 INFO theroadragetrip.main: Entering gameplay loop
2026-08-30 12:36:30,319 INFO theroadragetrip.main: Gameplay frame: start
2026-08-30 12:36:30,319 INFO theroadragetrip.main: Gameplay frame: events complete
2026-08-30 12:36:30,320 INFO theroadragetrip.main: Gameplay frame: physics complete
2026-08-30 12:36:30,320 INFO theroadragetrip.main: Gameplay frame: collision checks complete
2026-08-30 12:36:30,322 INFO theroadragetrip.main: Gameplay frame: map update complete
2026-08-30 12:36:30,322 INFO theroadragetrip.main: Gameplay frame: rendering scenery
2026-08-30 12:36:30,323 INFO theroadragetrip.main: Gameplay frame: rendering water
2026-08-30 12:36:30,336 INFO theroadragetrip.main: Gameplay frame: rendering buildings
2026-08-30 12:36:30,337 INFO theroadragetrip.main: Gameplay frame: rendering roads
2026-08-30 12:36:30,337 INFO theroadragetrip.main: Gameplay frame: rendering overlays
2026-08-30 12:36:30,339 INFO theroadragetrip.main: Gameplay frame: flipping display
2026-08-30 12:36:30,339 INFO theroadragetrip.main: Gameplay frame: complete
2026-08-30 12:36:35,236 INFO theroadragetrip.traffic: Traffic active: 5 NPC cars on roads (0 in view)
2026-08-30 12:43:48,174 INFO theroadragetrip.main: Selected starting city: Sysmä (bbox: (61.484253, 25.642849, 61.520289, 25.718377))
2026-08-30 12:43:48,322 INFO theroadragetrip.osm: Loaded OSM data from local cache
2026-08-30 12:43:48,438 INFO theroadragetrip.osm: Parsed 125451 OSM elements: 121379 nodes, 4064 ways, 4 relations
2026-08-30 12:43:48,449 INFO theroadragetrip.osm: Transforming 121379 node coordinates to EPSG:3067...
2026-08-30 12:43:48,517 INFO theroadragetrip.osm: Coordinate transformation finished in 0.190s (121291 nodes)
2026-08-30 12:43:48,729 INFO theroadragetrip.osm: Map generation complete in 0.401s: 732 roads, 35 waters, 1601 buildings, 120 scenery polygons, 111 places, 0 traffic signals, 82 crossings
2026-08-30 12:43:48,740 INFO theroadragetrip.roadworks: Roadwork generated: osm_way_id=957951588 start=(430100.6, 6819359.4) end=(430127.7, 6819354.9) length=30.3m closure=full-road
2026-08-30 12:43:48,740 INFO theroadragetrip.roadworks: Roadwork generated: osm_way_id=112383684 start=(430593.6, 6819823.2) end=(430624.5, 6819852.6) length=42.7m closure=one-lane
2026-08-30 12:43:48,740 INFO theroadragetrip.roadworks: Roadwork generated: osm_way_id=112383700 start=(430648.1, 6819874.3) end=(430681.9, 6819841.9) length=46.8m closure=full-road
2026-08-30 12:43:48,740 INFO theroadragetrip.main: Created 3 random roadworks (2 temporary lights)
2026-08-30 12:43:48,895 INFO theroadragetrip.police: Speed camera 1 placed at x=430876.0 y=6820221.8 heading=140.5 deg limit=40 km/h osm_way_id=112383688
2026-08-30 12:43:48,895 INFO theroadragetrip.police: Speed camera 2 placed at x=429849.0 y=6819475.8 heading=-83.7 deg limit=30 km/h osm_way_id=613742334
2026-08-30 12:43:48,895 INFO theroadragetrip.main: Placed 2 hidden speed cameras
2026-08-30 12:43:48,902 INFO theroadragetrip.main: Target NPC traffic: 5 cars for 732 road ways
2026-08-30 12:43:48,904 INFO theroadragetrip.main: Placed 1 police patrol cars among NPC traffic
2026-08-30 12:43:48,942 INFO theroadragetrip.main: Entering gameplay loop
2026-08-30 12:43:48,959 INFO theroadragetrip.main: Gameplay frame: start
2026-08-30 12:43:48,959 INFO theroadragetrip.main: Gameplay frame: events complete
2026-08-30 12:43:48,959 INFO theroadragetrip.main: Gameplay frame: physics complete
2026-08-30 12:43:48,960 INFO theroadragetrip.main: Gameplay frame: collision checks complete
2026-08-30 12:43:48,967 INFO theroadragetrip.main: Gameplay frame: map update complete
2026-08-30 12:43:48,967 INFO theroadragetrip.main: Gameplay frame: rendering scenery
2026-08-30 12:43:48,973 INFO theroadragetrip.main: Gameplay frame: rendering water
2026-08-30 12:43:48,988 INFO theroadragetrip.main: Gameplay frame: rendering buildings
2026-08-30 12:43:49,015 INFO theroadragetrip.main: Gameplay frame: rendering roads
2026-08-30 12:43:49,019 INFO theroadragetrip.main: Gameplay frame: rendering overlays
2026-08-30 12:43:49,024 INFO theroadragetrip.main: Gameplay frame: flipping display
2026-08-30 12:43:49,025 INFO theroadragetrip.main: Gameplay frame: complete
2026-08-30 12:43:53,735 INFO theroadragetrip.traffic: Traffic active: 5 NPC cars on roads (0 in view)
2026-08-30 12:43:58,623 INFO theroadragetrip.traffic: Traffic active: 5 NPC cars on roads (1 in view)
2026-08-30 12:44:03,547 INFO theroadragetrip.traffic: Traffic active: 5 NPC cars on roads (1 in view)
2026-08-30 12:44:09,158 INFO theroadragetrip.traffic: Traffic active: 5 NPC cars on roads (3 in view)
2026-08-30 12:44:14,131 INFO theroadragetrip.traffic: Traffic active: 5 NPC cars on roads (2 in view)
2026-08-30 12:44:14,149 INFO theroadragetrip.taxi: Taxi phone offers generated: count=1 pickup_distances=[596]
2026-08-30 12:44:19,165 INFO theroadragetrip.taxi: Taxi phone offer accepted: passenger=Kari pickup=Kitchen dropoff=Sysmän helluntaiseurakunta
2026-08-30 12:44:21,253 INFO theroadragetrip.traffic: Traffic active: 5 NPC cars on roads (2 in view)
2026-08-30 12:44:26,180 INFO theroadragetrip.traffic: Traffic active: 5 NPC cars on roads (4 in view)
2026-08-30 12:44:31,102 INFO theroadragetrip.traffic: Traffic active: 5 NPC cars on roads (0 in view)
2026-08-30 12:44:36,028 INFO theroadragetrip.traffic: Traffic active: 5 NPC cars on roads (3 in view)
2026-08-30 12:44:41,685 INFO theroadragetrip.traffic: Traffic active: 5 NPC cars on roads (1 in view)
2026-08-30 12:44:46,691 INFO theroadragetrip.traffic: Traffic active: 5 NPC cars on roads (1 in view)
2026-08-30 12:44:51,603 INFO theroadragetrip.traffic: Traffic active: 5 NPC cars on roads (2 in view)
2026-08-30 12:44:52,331 INFO theroadragetrip.taxi: Passenger reached pickup: passenger=Kari walking to taxi
2026-08-30 12:44:54,751 INFO theroadragetrip.taxi: Passenger boarded after walking: passenger=Kari dropoff=Sysmän helluntaiseurakunta
2026-08-30 12:44:56,477 INFO theroadragetrip.traffic: Traffic active: 5 NPC cars on roads (1 in view)
2026-08-30 12:44:57,763 INFO theroadragetrip.main: Speed limiter disabled
2026-08-30 12:45:01,243 INFO theroadragetrip.traffic: Traffic active: 5 NPC cars on roads (1 in view)
2026-08-30 12:45:06,174 INFO theroadragetrip.traffic: Traffic active: 5 NPC cars on roads (1 in view)
2026-08-30 12:45:06,539 INFO theroadragetrip.audio: Passenger chatter played: gender=man language=fi hash=0665f98ba4d5a405
2026-08-30 12:45:11,102 INFO theroadragetrip.traffic: Traffic active: 5 NPC cars on roads (0 in view)
2026-08-30 12:45:16,743 INFO theroadragetrip.traffic: Traffic active: 5 NPC cars on roads (1 in view)
2026-08-30 12:45:21,648 INFO theroadragetrip.traffic: Traffic active: 5 NPC cars on roads (2 in view)
2026-08-30 12:45:22,998 INFO theroadragetrip.audio: Passenger chatter played: gender=man language=fi hash=cf928e0055d4ffbf
2026-08-30 12:45:26,423 INFO theroadragetrip.traffic: Traffic active: 5 NPC cars on roads (5 in view)
2026-08-30 12:45:27,105 INFO theroadragetrip.taxi: Player crashed into NPC vehicle: -150 pts penalty (impact speed: 26.1 m/s)
2026-08-30 12:45:30,779 INFO theroadragetrip.audio: Passenger chatter played: gender=man language=fi hash=1e8abd322e170933
2026-08-30 12:45:31,341 INFO theroadragetrip.traffic: Traffic active: 5 NPC cars on roads (3 in view)
2026-08-30 12:45:36,251 INFO theroadragetrip.traffic: Traffic active: 5 NPC cars on roads (3 in view)
2026-08-30 12:45:36,615 INFO theroadragetrip.audio: Passenger chatter played: gender=man language=fi hash=25f2db6aac88bf25
2026-08-30 12:45:39,379 INFO theroadragetrip.taxi: Taxi fare completed: passenger=Kari earned=3433 total_score=3283 elapsed=45.0s
2026-08-30 12:45:39,381 INFO theroadragetrip.taxi: Taxi phone offers generated: count=3 pickup_distances=[297, 240, 825]
2026-08-30 12:45:39,701 INFO theroadragetrip.main: Police traffic stop: -300 pts
2026-08-30 12:45:40,270 INFO theroadragetrip.taxi: Player crashed into NPC vehicle: -150 pts penalty (impact speed: 14.6 m/s)
2026-08-30 12:45:41,184 INFO theroadragetrip.traffic: Traffic active: 5 NPC cars on roads (3 in view)
2026-08-30 12:45:46,125 INFO theroadragetrip.traffic: Traffic active: 5 NPC cars on roads (3 in view)
2026-08-30 12:45:51,808 INFO theroadragetrip.traffic: Traffic active: 5 NPC cars on roads (5 in view)
2026-08-30 12:45:56,701 INFO theroadragetrip.traffic: Traffic active: 5 NPC cars on roads (2 in view)
2026-08-30 12:46:01,580 INFO theroadragetrip.traffic: Traffic active: 5 NPC cars on roads (0 in view)
2026-08-30 12:46:06,367 INFO theroadragetrip.traffic: Traffic active: 1 NPC cars on roads (0 in view)
2026-08-30 12:46:11,300 INFO theroadragetrip.traffic: Traffic active: 1 NPC cars on roads (0 in view)
2026-08-30 12:46:16,281 INFO theroadragetrip.traffic: Traffic active: 5 NPC cars on roads (0 in view)
2026-08-30 12:46:21,933 INFO theroadragetrip.traffic: Traffic active: 5 NPC cars on roads (2 in view)
2026-08-30 12:46:26,859 INFO theroadragetrip.traffic: Traffic active: 5 NPC cars on roads (2 in view)
2026-08-30 12:46:31,696 INFO theroadragetrip.traffic: Traffic active: 5 NPC cars on roads (1 in view)
2026-08-30 12:46:36,603 INFO theroadragetrip.traffic: Traffic active: 5 NPC cars on roads (1 in view)
2026-08-30 12:46:41,499 INFO theroadragetrip.traffic: Traffic active: 5 NPC cars on roads (3 in view)
2026-08-30 12:46:46,156 INFO theroadragetrip.taxi: Player crashed into NPC vehicle: -150 pts penalty (impact speed: 48.9 m/s)
2026-08-30 12:46:46,409 INFO theroadragetrip.traffic: Traffic active: 5 NPC cars on roads (4 in view)
2026-08-30 12:46:51,341 INFO theroadragetrip.traffic: Traffic active: 5 NPC cars on roads (2 in view)
2026-08-30 12:46:56,952 INFO theroadragetrip.traffic: Traffic active: 5 NPC cars on roads (1 in view)
2026-08-30 12:47:01,885 INFO theroadragetrip.traffic: Traffic active: 5 NPC cars on roads (2 in view)
2026-08-30 12:47:06,803 INFO theroadragetrip.traffic: Traffic active: 5 NPC cars on roads (0 in view)
2026-08-30 12:47:11,713 INFO theroadragetrip.traffic: Traffic active: 5 NPC cars on roads (2 in view)
2026-08-30 12:47:16,621 INFO theroadragetrip.traffic: Traffic active: 5 NPC cars on roads (1 in view)
2026-08-30 12:47:21,534 INFO theroadragetrip.traffic: Traffic active: 5 NPC cars on roads (3 in view)
2026-08-30 12:47:27,009 INFO theroadragetrip.traffic: Traffic active: 5 NPC cars on roads (2 in view)
2026-08-30 12:47:31,914 INFO theroadragetrip.traffic: Traffic active: 5 NPC cars on roads (1 in view)
2026-08-30 12:47:36,828 INFO theroadragetrip.traffic: Traffic active: 5 NPC cars on roads (3 in view)
2026-08-30 12:47:41,740 INFO theroadragetrip.traffic: Traffic active: 5 NPC cars on roads (3 in view)
2026-08-30 12:47:46,652 INFO theroadragetrip.traffic: Traffic active: 5 NPC cars on roads (1 in view)
2026-08-30 12:47:51,560 INFO theroadragetrip.traffic: Traffic active: 5 NPC cars on roads (4 in view)
2026-08-30 12:47:56,478 INFO theroadragetrip.traffic: Traffic active: 5 NPC cars on roads (2 in view)
2026-08-30 12:48:02,036 INFO theroadragetrip.traffic: Traffic active: 5 NPC cars on roads (2 in view)
2026-08-30 12:48:06,955 INFO theroadragetrip.traffic: Traffic active: 5 NPC cars on roads (3 in view)
2026-08-30 12:48:11,868 INFO theroadragetrip.traffic: Traffic active: 5 NPC cars on roads (3 in view)
2026-08-30 12:48:16,778 INFO theroadragetrip.traffic: Traffic active: 5 NPC cars on roads (2 in view)
2026-08-30 12:48:21,684 INFO theroadragetrip.traffic: Traffic active: 5 NPC cars on roads (2 in view)
2026-08-30 12:48:26,597 INFO theroadragetrip.traffic: Traffic active: 5 NPC cars on roads (4 in view)
2026-08-30 12:48:32,127 INFO theroadragetrip.traffic: Traffic active: 5 NPC cars on roads (1 in view)
2026-08-30 12:48:37,031 INFO theroadragetrip.traffic: Traffic active: 5 NPC cars on roads (3 in view)
2026-08-30 12:48:39,254 INFO theroadragetrip.taxi: Player crashed into NPC vehicle: -150 pts penalty (impact speed: 53.4 m/s)
2026-08-30 12:48:39,399 INFO theroadragetrip.taxi: Player crashed into NPC vehicle: -150 pts penalty (impact speed: 22.6 m/s)
2026-08-30 12:48:41,936 INFO theroadragetrip.traffic: Traffic active: 5 NPC cars on roads (4 in view)
2026-08-30 12:48:46,844 INFO theroadragetrip.traffic: Traffic active: 5 NPC cars on roads (4 in view)
2026-08-30 12:48:51,753 INFO theroadragetrip.traffic: Traffic active: 5 NPC cars on roads (2 in view)
2026-08-30 12:48:56,661 INFO theroadragetrip.traffic: Traffic active: 5 NPC cars on roads (2 in view)
2026-08-30 12:49:01,571 INFO theroadragetrip.traffic: Traffic active: 5 NPC cars on roads (3 in view)
2026-08-30 12:49:05,301 INFO theroadragetrip.taxi: Player crashed into NPC vehicle: -150 pts penalty (impact speed: 56.9 m/s)
2026-08-30 12:49:07,119 INFO theroadragetrip.traffic: Traffic active: 5 NPC cars on roads (4 in view)
2026-08-30 12:49:12,028 INFO theroadragetrip.traffic: Traffic active: 5 NPC cars on roads (3 in view)
2026-08-30 12:49:16,939 INFO theroadragetrip.traffic: Traffic active: 5 NPC cars on roads (1 in view)
2026-08-30 12:49:21,857 INFO theroadragetrip.traffic: Traffic active: 5 NPC cars on roads (0 in view)
2026-08-30 12:49:26,773 INFO theroadragetrip.traffic: Traffic active: 5 NPC cars on roads (0 in view)
2026-08-30 12:49:31,686 INFO theroadragetrip.traffic: Traffic active: 5 NPC cars on roads (0 in view)
2026-08-30 12:49:36,590 INFO theroadragetrip.traffic: Traffic active: 5 NPC cars on roads (1 in view)
2026-08-30 12:49:42,130 INFO theroadragetrip.traffic: Traffic active: 5 NPC cars on roads (2 in view)
2026-08-30 12:49:47,046 INFO theroadragetrip.traffic: Traffic active: 5 NPC cars on roads (4 in view)
2026-08-30 12:49:51,949 INFO theroadragetrip.traffic: Traffic active: 5 NPC cars on roads (3 in view)
2026-08-30 12:49:56,860 INFO theroadragetrip.traffic: Traffic active: 5 NPC cars on roads (4 in view)
2026-08-30 12:50:01,775 INFO theroadragetrip.traffic: Traffic active: 5 NPC cars on roads (2 in view)
2026-08-30 12:50:06,685 INFO theroadragetrip.traffic: Traffic active: 5 NPC cars on roads (3 in view)
2026-08-30 12:50:12,234 INFO theroadragetrip.traffic: Traffic active: 5 NPC cars on roads (1 in view)
2026-08-30 12:50:13,241 INFO theroadragetrip.main: Lane assist enabled
2026-08-30 12:50:13,241 INFO theroadragetrip.main: Labels disabled
2026-08-30 12:50:13,304 INFO theroadragetrip.main: Labels enabled
2026-08-30 12:50:15,265 INFO theroadragetrip.taxi: Player crashed into NPC vehicle: -150 pts penalty (impact speed: 41.5 m/s)
2026-08-30 12:50:17,143 INFO theroadragetrip.traffic: Traffic active: 5 NPC cars on roads (2 in view)
2026-08-30 12:50:22,059 INFO theroadragetrip.traffic: Traffic active: 5 NPC cars on roads (2 in view)
2026-08-30 12:50:26,973 INFO theroadragetrip.traffic: Traffic active: 5 NPC cars on roads (3 in view)
2026-08-30 12:50:31,882 INFO theroadragetrip.traffic: Traffic active: 5 NPC cars on roads (3 in view)
2026-08-30 12:50:36,794 INFO theroadragetrip.traffic: Traffic active: 5 NPC cars on roads (3 in view)
2026-08-30 12:50:38,420 INFO theroadragetrip.main: Triggered background auto-fetch (bbox north edge) at car=(429027.5, 6829409.0), speed=56.9 m/s, heading=1.48 rad, bounds=(424520.62125718396, 6816900.705565015, 432695.5348370765, 6829758.353219432)
2026-08-30 12:50:39,736 INFO theroadragetrip.taxi: Player crashed into NPC vehicle: -150 pts penalty (impact speed: 56.9 m/s)
2026-08-30 12:50:41,578 INFO theroadragetrip.osm: Loaded OSM data from https://overpass-api.de/api/interpreter (108766 elements)
2026-08-30 12:50:41,747 INFO theroadragetrip.traffic: Traffic active: 5 NPC cars on roads (2 in view)
2026-08-30 12:50:44,329 INFO theroadragetrip.osm: Saved OSM cache to /home/ubuntu/.cache/RoadRageTrip/osm_cache/bbox_61p586836810454905_25p63942853828103_61p61422163263023_25p685369640985204pjson
2026-08-30 12:50:45,020 WARNING theroadragetrip.osm: Auto-fetch failed: A process in the process pool was terminated abruptly while the future was running or pending.
2026-08-30 12:50:45,036 INFO theroadragetrip.main: Triggered background auto-fetch (bbox north edge) at car=(429027.4, 6829482.2), speed=8.5 m/s, heading=1.28 rad, bounds=(424520.62125718396, 6816900.705565015, 432695.5348370765, 6829758.353219432)
2026-08-30 12:50:47,293 INFO theroadragetrip.traffic: Traffic active: 5 NPC cars on roads (2 in view)
2026-08-30 12:50:48,042 INFO theroadragetrip.osm: Loaded OSM data from https://overpass-api.de/api/interpreter (108735 elements)
2026-08-30 12:50:50,253 INFO theroadragetrip.osm: Saved OSM cache to /home/ubuntu/.cache/RoadRageTrip/osm_cache/bbox_61p587493814111276_25p639397704604704_61p614878646618166_25p685339746045624pjson
2026-08-30 12:50:50,831 WARNING theroadragetrip.osm: Auto-fetch failed: A process in the process pool was terminated abruptly while the future was running or pending.
2026-08-30 12:50:50,848 INFO theroadragetrip.main: Triggered background auto-fetch (bbox north edge) at car=(429046.9, 6829599.3), speed=32.0 m/s, heading=1.30 rad, bounds=(424520.62125718396, 6816900.705565015, 432695.5348370765, 6829758.353219432)
2026-08-30 12:50:52,239 INFO theroadragetrip.traffic: Traffic active: 5 NPC cars on roads (4 in view)
2026-08-30 12:50:53,672 INFO theroadragetrip.osm: Loaded OSM data from https://overpass-api.de/api/interpreter (108695 elements)
2026-08-30 12:50:55,946 INFO theroadragetrip.osm: Saved OSM cache to /home/ubuntu/.cache/RoadRageTrip/osm_cache/bbox_61p58854807794318_25p639719484446562_61p61593280316084_25p685663361707828pjson
2026-08-30 12:50:56,560 WARNING theroadragetrip.osm: Auto-fetch failed: A process in the process pool was terminated abruptly while the future was running or pending.
2026-08-30 12:50:56,574 INFO theroadragetrip.main: Triggered background auto-fetch (bbox north edge) at car=(429094.3, 6829760.9), speed=12.2 m/s, heading=1.21 rad, bounds=(424520.62125718396, 6816900.705565015, 432695.5348370765, 6829758.353219432)
2026-08-30 12:50:57,187 INFO theroadragetrip.traffic: Traffic active: 5 NPC cars on roads (4 in view)
2026-08-30 12:50:59,050 INFO theroadragetrip.osm: Loaded OSM data from https://overpass-api.de/api/interpreter (108928 elements)
2026-08-30 12:51:01,243 INFO theroadragetrip.osm: Saved OSM cache to /home/ubuntu/.cache/RoadRageTrip/osm_cache/bbox_61p59000725611194_25p640547154969234_61p61739170527035_25p68649391257256pjson
2026-08-30 12:51:01,850 WARNING theroadragetrip.osm: Auto-fetch failed: A process in the process pool was terminated abruptly while the future was running or pending.
2026-08-30 12:51:01,864 INFO theroadragetrip.main: Triggered background auto-fetch (bbox north edge) at car=(429096.1, 6829765.9), speed=0.0 m/s, heading=1.21 rad, bounds=(424520.62125718396, 6816900.705565015, 432695.5348370765, 6829758.353219432)
2026-08-30 12:51:02,134 INFO theroadragetrip.traffic: Traffic active: 3 NPC cars on roads (2 in view)
2026-08-30 12:51:07,043 INFO theroadragetrip.traffic: Traffic active: 3 NPC cars on roads (2 in view)
2026-08-30 12:51:11,950 INFO theroadragetrip.traffic: Traffic active: 2 NPC cars on roads (1 in view)
2026-08-30 12:51:17,504 INFO theroadragetrip.traffic: Traffic active: 2 NPC cars on roads (1 in view)
2026-08-30 12:51:18,231 WARNING theroadragetrip.osm: HTTP 429 from https://overpass-api.de/api/interpreter; moving to next endpoint
2026-08-30 12:51:22,415 INFO theroadragetrip.traffic: Traffic active: 2 NPC cars on roads (1 in view)
2026-08-30 12:51:27,326 INFO theroadragetrip.traffic: Traffic active: 2 NPC cars on roads (1 in view)
2026-08-30 12:51:30,217 INFO theroadragetrip.osm: Loaded OSM data from https://overpass.openstreetmap.fr/api/interpreter (108928 elements)
2026-08-30 12:51:32,250 INFO theroadragetrip.traffic: Traffic active: 2 NPC cars on roads (1 in view)
2026-08-30 12:51:32,640 INFO theroadragetrip.osm: Saved OSM cache to /home/ubuntu/.cache/RoadRageTrip/osm_cache/bbox_61p59005210435019_25p640580496603_61p61743654238673_25p686527349751135pjson
2026-08-30 12:51:33,226 WARNING theroadragetrip.osm: Auto-fetch failed: A process in the process pool was terminated abruptly while the future was running or pending.
2026-08-30 12:51:33,239 INFO theroadragetrip.main: Triggered background auto-fetch (bbox north edge) at car=(429096.1, 6829765.9), speed=0.0 m/s, heading=1.21 rad, bounds=(424520.62125718396, 6816900.705565015, 432695.5348370765, 6829758.353219432)
2026-08-30 12:51:33,343 INFO theroadragetrip.osm: Loaded OSM data from local cache
2026-08-30 12:51:33,970 WARNING theroadragetrip.osm: Auto-fetch failed: A process in the process pool was terminated abruptly while the future was running or pending.
2026-08-30 12:51:37,153 INFO theroadragetrip.traffic: Traffic active: 2 NPC cars on roads (1 in view)
2026-08-30 12:51:38,245 INFO theroadragetrip.main: Triggered background auto-fetch (bbox north edge) at car=(429096.1, 6829765.9), speed=0.0 m/s, heading=1.21 rad, bounds=(424520.62125718396, 6816900.705565015, 432695.5348370765, 6829758.353219432)
2026-08-30 12:51:38,370 INFO theroadragetrip.osm: Loaded OSM data from local cache
2026-08-30 12:51:38,989 WARNING theroadragetrip.osm: Auto-fetch failed: A process in the process pool was terminated abruptly while the future was running or pending.
2026-08-30 12:51:42,066 INFO theroadragetrip.traffic: Traffic active: 1 NPC cars on roads (0 in view)
2026-08-30 12:51:43,258 INFO theroadragetrip.main: Triggered background auto-fetch (bbox north edge) at car=(429096.1, 6829765.9), speed=0.0 m/s, heading=1.21 rad, bounds=(424520.62125718396, 6816900.705565015, 432695.5348370765, 6829758.353219432)
2026-08-30 12:51:43,360 INFO theroadragetrip.osm: Loaded OSM data from local cache
2026-08-30 12:51:43,928 WARNING theroadragetrip.osm: Auto-fetch failed: A process in the process pool was terminated abruptly while the future was running or pending.
2026-08-30 12:51:46,978 INFO theroadragetrip.traffic: Traffic active: 1 NPC cars on roads (0 in view)
2026-08-30 12:51:48,261 INFO theroadragetrip.main: Triggered background auto-fetch (bbox north edge) at car=(429096.1, 6829765.9), speed=0.0 m/s, heading=1.21 rad, bounds=(424520.62125718396, 6816900.705565015, 432695.5348370765, 6829758.353219432)
2026-08-30 12:51:49,006 INFO theroadragetrip.osm: Loaded OSM data from local cache
2026-08-30 12:51:49,591 WARNING theroadragetrip.osm: Auto-fetch failed: A process in the process pool was terminated abruptly while the future was running or pending.
2026-08-30 12:51:52,541 INFO theroadragetrip.traffic: Traffic active: 1 NPC cars on roads (0 in view)
2026-08-30 12:51:53,271 INFO theroadragetrip.main: Triggered background auto-fetch (bbox north edge) at car=(429096.1, 6829765.9), speed=0.0 m/s, heading=1.21 rad, bounds=(424520.62125718396, 6816900.705565015, 432695.5348370765, 6829758.353219432)
2026-08-30 12:51:53,372 INFO theroadragetrip.osm: Loaded OSM data from local cache
2026-08-30 12:51:53,955 WARNING theroadragetrip.osm: Auto-fetch failed: A process in the process pool was terminated abruptly while the future was running or pending.
2026-08-30 12:51:57,448 INFO theroadragetrip.traffic: Traffic active: 1 NPC cars on roads (0 in view)
2026-08-30 12:54:17,983 INFO theroadragetrip.main: Selected starting city: Oulu (bbox: (64.993982, 25.425347, 65.030018, 25.510653))
2026-08-30 12:54:18,204 INFO theroadragetrip.osm: Loaded OSM data from local cache
2026-08-30 12:54:18,336 INFO theroadragetrip.osm: Parsed 146323 OSM elements: 124027 nodes, 21946 ways, 303 relations
2026-08-30 12:54:18,347 INFO theroadragetrip.osm: Transforming 124027 node coordinates to EPSG:3067...
2026-08-30 12:54:18,423 INFO theroadragetrip.osm: Coordinate transformation finished in 0.213s (122603 nodes)
2026-08-30 12:54:23,086 INFO theroadragetrip.osm: Map generation complete in 4.876s: 12865 roads, 201 waters, 4187 buildings, 3314 scenery polygons, 1173 places, 776 traffic signals, 1024 crossings
2026-08-30 12:54:23,107 INFO theroadragetrip.roadworks: Roadwork generated: osm_way_id=23428331 start=(428603.8, 7209531.9) end=(428615.7, 7209481.4) length=51.9m closure=one-lane
2026-08-30 12:54:23,108 INFO theroadragetrip.roadworks: Roadwork generated: osm_way_id=1015439173 start=(427721.2, 7209445.8) end=(427702.2, 7209430.0) length=33.6m closure=full-road
2026-08-30 12:54:23,108 INFO theroadragetrip.roadworks: Roadwork generated: osm_way_id=708288629 start=(429245.8, 7209926.6) end=(429191.4, 7209934.0) length=54.9m closure=full-road
2026-08-30 12:54:23,108 INFO theroadragetrip.main: Created 3 random roadworks (2 temporary lights)
2026-08-30 12:54:23,218 INFO theroadragetrip.police: Speed camera 1 placed at x=426005.5 y=7211628.6 heading=-109.8 deg limit=50 km/h osm_way_id=87292682
2026-08-30 12:54:23,218 INFO theroadragetrip.police: Speed camera 2 placed at x=427140.9 y=7210001.9 heading=-125.4 deg limit=30 km/h osm_way_id=113938020
2026-08-30 12:54:23,218 INFO theroadragetrip.police: Speed camera 3 placed at x=427928.8 y=7209651.5 heading=56.4 deg limit=40 km/h osm_way_id=1274072742
2026-08-30 12:54:23,218 INFO theroadragetrip.police: Speed camera 4 placed at x=429586.6 y=7209256.5 heading=-97.8 deg limit=100 km/h osm_way_id=188875704
2026-08-30 12:54:23,218 INFO theroadragetrip.police: Speed camera 5 placed at x=427494.6 y=7209047.6 heading=-87.7 deg limit=30 km/h osm_way_id=766814448
2026-08-30 12:54:23,219 INFO theroadragetrip.police: Speed camera 6 placed at x=428895.0 y=7211479.2 heading=25.5 deg limit=30 km/h osm_way_id=1210056768
2026-08-30 12:54:23,219 INFO theroadragetrip.police: Speed camera 7 placed at x=429089.6 y=7210120.7 heading=-33.2 deg limit=30 km/h osm_way_id=580258869
2026-08-30 12:54:23,219 INFO theroadragetrip.police: Speed camera 8 placed at x=427896.4 y=7211144.5 heading=-64.7 deg limit=50 km/h osm_way_id=185571103
2026-08-30 12:54:23,219 INFO theroadragetrip.police: Speed camera 9 placed at x=427285.9 y=7209221.2 heading=-40.5 deg limit=30 km/h osm_way_id=1218166482
2026-08-30 12:54:23,219 INFO theroadragetrip.police: Speed camera 10 placed at x=429833.9 y=7211319.5 heading=177.2 deg limit=30 km/h osm_way_id=196215013
2026-08-30 12:54:23,219 INFO theroadragetrip.police: Speed camera 11 placed at x=428704.2 y=7211908.0 heading=-2.8 deg limit=30 km/h osm_way_id=1201123088
2026-08-30 12:54:23,219 INFO theroadragetrip.police: Speed camera 12 placed at x=427923.2 y=7211168.3 heading=123.2 deg limit=50 km/h osm_way_id=43666252
2026-08-30 12:54:23,219 INFO theroadragetrip.police: Speed camera 13 placed at x=426224.1 y=7209734.1 heading=0.9 deg limit=30 km/h osm_way_id=699300361
2026-08-30 12:54:23,219 INFO theroadragetrip.police: Speed camera 14 placed at x=428831.5 y=7208834.2 heading=-72.5 deg limit=30 km/h osm_way_id=95784941
2026-08-30 12:54:23,219 INFO theroadragetrip.police: Speed camera 15 placed at x=428222.7 y=7212672.9 heading=-102.1 deg limit=30 km/h osm_way_id=835466372
2026-08-30 12:54:23,219 INFO theroadragetrip.police: Speed camera 16 placed at x=428969.8 y=7212032.4 heading=-0.8 deg limit=30 km/h osm_way_id=111588120
2026-08-30 12:54:23,219 INFO theroadragetrip.police: Speed camera 17 placed at x=427485.2 y=7209234.5 heading=91.6 deg limit=30 km/h osm_way_id=994980799
2026-08-30 12:54:23,219 INFO theroadragetrip.police: Speed camera 18 placed at x=428019.6 y=7208828.8 heading=-120.6 deg limit=20 km/h osm_way_id=95064877
2026-08-30 12:54:23,219 INFO theroadragetrip.police: Speed camera 19 placed at x=429819.1 y=7211133.6 heading=-2.2 deg limit=30 km/h osm_way_id=115093788
2026-08-30 12:54:23,220 INFO theroadragetrip.police: Speed camera 20 placed at x=429116.7 y=7210079.7 heading=-120.1 deg limit=30 km/h osm_way_id=580258871
2026-08-30 12:54:23,220 INFO theroadragetrip.main: Placed 20 hidden speed cameras
2026-08-30 12:54:23,247 INFO theroadragetrip.main: Target NPC traffic: 50 cars for 12865 road ways
2026-08-30 12:54:23,272 INFO theroadragetrip.main: Placed 1 police patrol cars among NPC traffic
2026-08-30 12:54:23,507 INFO theroadragetrip.main: Entering gameplay loop
2026-08-30 12:54:23,523 INFO theroadragetrip.main: Gameplay frame: start
2026-08-30 12:54:23,523 INFO theroadragetrip.main: Gameplay frame: events complete
2026-08-30 12:54:23,524 INFO theroadragetrip.main: Gameplay frame: physics complete
2026-08-30 12:54:23,528 INFO theroadragetrip.main: Gameplay frame: collision checks complete
2026-08-30 12:54:23,553 INFO theroadragetrip.main: Gameplay frame: map update complete
2026-08-30 12:54:23,553 INFO theroadragetrip.main: Gameplay frame: rendering scenery
2026-08-30 12:54:23,619 INFO theroadragetrip.main: Gameplay frame: rendering water
2026-08-30 12:54:23,621 INFO theroadragetrip.main: Gameplay frame: rendering buildings
2026-08-30 12:54:23,710 INFO theroadragetrip.main: Gameplay frame: rendering roads
2026-08-30 12:54:23,745 INFO theroadragetrip.main: Gameplay frame: rendering overlays
2026-08-30 12:54:23,772 INFO theroadragetrip.main: Gameplay frame: flipping display
2026-08-30 12:54:23,773 INFO theroadragetrip.main: Gameplay frame: complete
2026-08-30 12:54:25,176 INFO theroadragetrip.main: Speed limiter disabled
2026-08-30 12:54:28,748 INFO theroadragetrip.traffic: Traffic active: 17 NPC cars on roads (2 in view)
2026-08-30 12:54:34,313 INFO theroadragetrip.traffic: Traffic active: 17 NPC cars on roads (4 in view)
2026-08-30 12:54:38,676 INFO theroadragetrip.taxi: Taxi phone offers generated: count=1 pickup_distances=[801]
2026-08-30 12:54:39,217 INFO theroadragetrip.traffic: Traffic active: 17 NPC cars on roads (4 in view)
2026-08-30 12:54:44,135 INFO theroadragetrip.traffic: Traffic active: 17 NPC cars on roads (7 in view)
2026-08-30 12:54:45,827 INFO theroadragetrip.main: Lane assist enabled
2026-08-30 12:54:47,690 INFO theroadragetrip.taxi: Player crashed into NPC vehicle: -150 pts penalty (impact speed: 6.2 m/s)
2026-08-30 12:54:49,056 INFO theroadragetrip.traffic: Traffic active: 17 NPC cars on roads (6 in view)
2026-08-30 12:54:53,957 INFO theroadragetrip.traffic: Traffic active: 17 NPC cars on roads (6 in view)
2026-08-30 12:54:58,863 INFO theroadragetrip.traffic: Traffic active: 17 NPC cars on roads (3 in view)
2026-08-30 12:55:03,780 INFO theroadragetrip.traffic: Traffic active: 17 NPC cars on roads (7 in view)
2026-08-30 12:55:07,034 INFO theroadragetrip.taxi: Player crashed into NPC vehicle: -150 pts penalty (impact speed: 38.8 m/s)
2026-08-30 12:55:09,348 INFO theroadragetrip.traffic: Traffic active: 17 NPC cars on roads (7 in view)
2026-08-30 12:55:14,270 INFO theroadragetrip.traffic: Traffic active: 17 NPC cars on roads (8 in view)
2026-08-30 12:55:17,723 INFO theroadragetrip.taxi: Player crashed into NPC vehicle: -150 pts penalty (impact speed: 35.4 m/s)
2026-08-30 12:55:19,176 INFO theroadragetrip.traffic: Traffic active: 17 NPC cars on roads (3 in view)
2026-08-30 12:55:24,092 INFO theroadragetrip.traffic: Traffic active: 17 NPC cars on roads (5 in view)
2026-08-30 12:55:29,009 INFO theroadragetrip.traffic: Traffic active: 17 NPC cars on roads (4 in view)
2026-08-30 12:55:33,924 INFO theroadragetrip.traffic: Traffic active: 17 NPC cars on roads (5 in view)
2026-08-30 12:55:39,511 INFO theroadragetrip.traffic: Traffic active: 17 NPC cars on roads (6 in view)
2026-08-30 12:56:51,334 INFO theroadragetrip.main: Selected starting city: Sysmä (bbox: (61.484253, 25.642849, 61.520289, 25.718377))
2026-08-30 12:56:51,475 INFO theroadragetrip.osm: Loaded OSM data from local cache
2026-08-30 12:56:51,585 INFO theroadragetrip.osm: Parsed 125451 OSM elements: 121379 nodes, 4064 ways, 4 relations
2026-08-30 12:56:51,596 INFO theroadragetrip.osm: Transforming 121379 node coordinates to EPSG:3067...
2026-08-30 12:56:51,664 INFO theroadragetrip.osm: Coordinate transformation finished in 0.183s (121291 nodes)
2026-08-30 12:56:51,863 INFO theroadragetrip.osm: Map generation complete in 0.382s: 732 roads, 35 waters, 1601 buildings, 120 scenery polygons, 111 places, 0 traffic signals, 82 crossings
2026-08-30 12:56:51,874 INFO theroadragetrip.roadworks: Roadwork generated: osm_way_id=168937347 start=(429970.6, 6820564.8) end=(429939.0, 6820538.5) length=42.9m closure=full-road
2026-08-30 12:56:51,874 INFO theroadragetrip.roadworks: Roadwork generated: osm_way_id=958673523 start=(429699.8, 6819817.4) end=(429703.8, 6819790.1) length=27.7m closure=one-lane
2026-08-30 12:56:51,874 INFO theroadragetrip.roadworks: Roadwork generated: osm_way_id=92724235 start=(430622.6, 6818420.1) end=(430576.0, 6818391.2) length=54.8m closure=full-road
2026-08-30 12:56:51,875 INFO theroadragetrip.main: Created 3 random roadworks (2 temporary lights)
2026-08-30 12:56:52,038 INFO theroadragetrip.police: Speed camera 1 placed at x=429909.3 y=6819550.9 heading=-75.4 deg limit=30 km/h osm_way_id=957593767
2026-08-30 12:56:52,039 INFO theroadragetrip.police: Speed camera 2 placed at x=429812.2 y=6819521.0 heading=7.4 deg limit=30 km/h osm_way_id=613742334
2026-08-30 12:56:52,039 INFO theroadragetrip.main: Placed 2 hidden speed cameras
2026-08-30 12:56:52,046 INFO theroadragetrip.main: Target NPC traffic: 5 cars for 732 road ways
2026-08-30 12:56:52,048 INFO theroadragetrip.main: Placed 1 police patrol cars among NPC traffic
2026-08-30 12:56:52,085 INFO theroadragetrip.main: Entering gameplay loop
2026-08-30 12:56:52,102 INFO theroadragetrip.main: Gameplay frame: start
2026-08-30 12:56:52,102 INFO theroadragetrip.main: Gameplay frame: events complete
2026-08-30 12:56:52,102 INFO theroadragetrip.main: Gameplay frame: physics complete
2026-08-30 12:56:52,103 INFO theroadragetrip.main: Gameplay frame: collision checks complete
2026-08-30 12:56:52,106 INFO theroadragetrip.main: Gameplay frame: map update complete
2026-08-30 12:56:52,106 INFO theroadragetrip.main: Gameplay frame: rendering scenery
2026-08-30 12:56:52,108 INFO theroadragetrip.main: Gameplay frame: rendering water
2026-08-30 12:56:52,124 INFO theroadragetrip.main: Gameplay frame: rendering buildings
2026-08-30 12:56:52,146 INFO theroadragetrip.main: Gameplay frame: rendering roads
2026-08-30 12:56:52,149 INFO theroadragetrip.main: Gameplay frame: rendering overlays
2026-08-30 12:56:52,154 INFO theroadragetrip.main: Gameplay frame: flipping display
2026-08-30 12:56:52,155 INFO theroadragetrip.main: Gameplay frame: complete
2026-08-30 12:56:56,996 INFO theroadragetrip.traffic: Traffic active: 5 NPC cars on roads (2 in view)
2026-08-30 12:57:01,905 INFO theroadragetrip.traffic: Traffic active: 5 NPC cars on roads (2 in view)
2026-08-30 12:57:06,183 INFO theroadragetrip.taxi: Taxi phone offers generated: count=1 pickup_distances=[717]
2026-08-30 12:57:06,813 INFO theroadragetrip.traffic: Traffic active: 5 NPC cars on roads (2 in view)
2026-08-30 12:57:11,720 INFO theroadragetrip.traffic: Traffic active: 5 NPC cars on roads (3 in view)
2026-08-30 12:57:45,442 INFO theroadragetrip.main: Selected starting city: Sysmä (bbox: (61.484253, 25.642849, 61.520289, 25.718377))
2026-08-30 12:57:45,582 INFO theroadragetrip.osm: Loaded OSM data from local cache
2026-08-30 12:57:45,694 INFO theroadragetrip.osm: Parsed 125451 OSM elements: 121379 nodes, 4064 ways, 4 relations
2026-08-30 12:57:45,706 INFO theroadragetrip.osm: Transforming 121379 node coordinates to EPSG:3067...
2026-08-30 12:57:45,805 INFO theroadragetrip.osm: Coordinate transformation finished in 0.217s (121291 nodes)
2026-08-30 12:57:46,021 INFO theroadragetrip.osm: Map generation complete in 0.433s: 732 roads, 35 waters, 1601 buildings, 120 scenery polygons, 111 places, 0 traffic signals, 82 crossings
2026-08-30 12:57:46,033 INFO theroadragetrip.roadworks: Roadwork generated: osm_way_id=893121102 start=(432614.9, 6820554.7) end=(432586.5, 6820535.0) length=34.6m closure=full-road
2026-08-30 12:57:46,033 INFO theroadragetrip.roadworks: Roadwork generated: osm_way_id=38484373 start=(429867.9, 6819824.5) end=(429829.4, 6819830.6) length=39.0m closure=one-lane
2026-08-30 12:57:46,033 INFO theroadragetrip.roadworks: Roadwork generated: osm_way_id=259741519 start=(430182.6, 6819373.0) end=(430173.9, 6819333.2) length=40.8m closure=one-lane
2026-08-30 12:57:46,033 INFO theroadragetrip.main: Created 3 random roadworks (4 temporary lights)
2026-08-30 12:57:46,191 INFO theroadragetrip.police: Speed camera 1 placed at x=431597.8 y=6820181.7 heading=-167.1 deg limit=80 km/h osm_way_id=92919640
2026-08-30 12:57:46,191 INFO theroadragetrip.police: Speed camera 2 placed at x=428836.1 y=6819936.4 heading=-170.8 deg limit=40 km/h osm_way_id=169038308
2026-08-30 12:57:46,191 INFO theroadragetrip.main: Placed 2 hidden speed cameras
2026-08-30 12:57:46,198 INFO theroadragetrip.main: Target NPC traffic: 5 cars for 732 road ways
2026-08-30 12:57:46,200 INFO theroadragetrip.main: Placed 1 police patrol cars among NPC traffic
2026-08-30 12:57:46,238 INFO theroadragetrip.main: Entering gameplay loop
2026-08-30 12:57:46,255 INFO theroadragetrip.main: Gameplay frame: start
2026-08-30 12:57:46,255 INFO theroadragetrip.main: Gameplay frame: events complete
2026-08-30 12:57:46,255 INFO theroadragetrip.main: Gameplay frame: physics complete
2026-08-30 12:57:46,256 INFO theroadragetrip.main: Gameplay frame: collision checks complete
2026-08-30 12:57:46,257 INFO theroadragetrip.main: Gameplay frame: map update complete
2026-08-30 12:57:46,257 INFO theroadragetrip.main: Gameplay frame: rendering scenery
2026-08-30 12:57:46,260 INFO theroadragetrip.main: Gameplay frame: rendering water
2026-08-30 12:57:46,275 INFO theroadragetrip.main: Gameplay frame: rendering buildings
2026-08-30 12:57:46,282 INFO theroadragetrip.main: Gameplay frame: rendering roads
2026-08-30 12:57:46,283 INFO theroadragetrip.main: Gameplay frame: rendering overlays
2026-08-30 12:57:46,286 INFO theroadragetrip.main: Gameplay frame: flipping display
2026-08-30 12:57:46,286 INFO theroadragetrip.main: Gameplay frame: complete
2026-08-30 12:57:51,881 INFO theroadragetrip.traffic: Traffic active: 5 NPC cars on roads (1 in view)
2026-08-30 12:57:54,823 INFO theroadragetrip.main: Speed limiter disabled
2026-08-30 12:57:56,801 INFO theroadragetrip.traffic: Traffic active: 5 NPC cars on roads (2 in view)
2026-08-30 12:58:01,720 INFO theroadragetrip.traffic: Traffic active: 5 NPC cars on roads (5 in view)
2026-08-30 12:58:02,470 INFO theroadragetrip.main: Police traffic stop: -300 pts
2026-08-30 12:58:04,610 INFO theroadragetrip.taxi: Taxi phone offers generated: count=1 pickup_distances=[707]
2026-08-30 12:58:06,598 INFO theroadragetrip.traffic: Traffic active: 5 NPC cars on roads (2 in view)
2026-08-30 12:58:11,499 INFO theroadragetrip.traffic: Traffic active: 5 NPC cars on roads (0 in view)
2026-08-30 12:58:16,393 INFO theroadragetrip.traffic: Traffic active: 5 NPC cars on roads (0 in view)
2026-08-30 12:58:17,431 INFO theroadragetrip.taxi: Taxi phone offer accepted: passenger=Matti pickup=Vääksyntie, Talasniementie dropoff=Tokmanni
2026-08-30 12:58:22,313 INFO theroadragetrip.traffic: Traffic active: 5 NPC cars on roads (3 in view)
2026-08-30 12:58:27,935 INFO theroadragetrip.traffic: Traffic active: 5 NPC cars on roads (2 in view)
2026-08-30 12:58:32,878 INFO theroadragetrip.traffic: Traffic active: 5 NPC cars on roads (2 in view)
2026-08-30 12:58:37,678 INFO theroadragetrip.traffic: Traffic active: 5 NPC cars on roads (2 in view)
2026-08-30 12:58:41,028 INFO theroadragetrip.main: Lane assist enabled
2026-08-30 12:58:42,575 INFO theroadragetrip.traffic: Traffic active: 5 NPC cars on roads (3 in view)
2026-08-30 12:58:44,541 INFO theroadragetrip.taxi: Player crashed into NPC vehicle: -150 pts penalty (impact speed: 54.2 m/s)
2026-08-30 12:58:47,484 INFO theroadragetrip.traffic: Traffic active: 5 NPC cars on roads (2 in view)
2026-08-30 12:58:52,392 INFO theroadragetrip.traffic: Traffic active: 5 NPC cars on roads (3 in view)
2026-08-30 12:58:55,005 INFO theroadragetrip.taxi: Passenger reached pickup: passenger=Matti walking to taxi
2026-08-30 12:58:58,019 INFO theroadragetrip.traffic: Traffic active: 5 NPC cars on roads (0 in view)
2026-08-30 12:58:58,293 INFO theroadragetrip.taxi: Passenger boarded after walking: passenger=Matti dropoff=Tokmanni
2026-08-30 12:59:02,982 INFO theroadragetrip.traffic: Traffic active: 5 NPC cars on roads (1 in view)
2026-08-30 12:59:07,894 INFO theroadragetrip.traffic: Traffic active: 5 NPC cars on roads (0 in view)
2026-08-30 12:59:12,778 INFO theroadragetrip.traffic: Traffic active: 5 NPC cars on roads (3 in view)
2026-08-30 12:59:13,719 INFO theroadragetrip.taxi: Player crashed into NPC vehicle: -150 pts penalty (impact speed: 56.9 m/s)
2026-08-30 12:59:17,621 INFO theroadragetrip.traffic: Traffic active: 5 NPC cars on roads (2 in view)
2026-08-30 12:59:17,779 INFO theroadragetrip.audio: Passenger chatter played: gender=man language=fi hash=ebfd35af86f1b5a9
2026-08-30 12:59:22,474 INFO theroadragetrip.traffic: Traffic active: 5 NPC cars on roads (2 in view)
2026-08-30 13:03:15,611 INFO theroadragetrip.main: Selected starting city: Sysmä (bbox: (61.484253, 25.642849, 61.520289, 25.718377))
2026-08-30 13:03:15,757 INFO theroadragetrip.osm: Loaded OSM data from local cache
2026-08-30 13:03:15,872 INFO theroadragetrip.osm: Parsed 125451 OSM elements: 121379 nodes, 4064 ways, 4 relations
2026-08-30 13:03:15,883 INFO theroadragetrip.osm: Transforming 121379 node coordinates to EPSG:3067...
2026-08-30 13:03:15,953 INFO theroadragetrip.osm: Coordinate transformation finished in 0.190s (121291 nodes)
2026-08-30 13:03:16,156 INFO theroadragetrip.osm: Map generation complete in 0.393s: 732 roads, 35 waters, 1601 buildings, 120 scenery polygons, 111 places, 0 traffic signals, 82 crossings
2026-08-30 13:03:16,166 INFO theroadragetrip.roadworks: Roadwork generated: osm_way_id=972951400 start=(430704.4, 6817724.8) end=(430661.9, 6817694.1) length=52.8m closure=full-road
2026-08-30 13:03:16,166 INFO theroadragetrip.roadworks: Roadwork generated: osm_way_id=1083320486 start=(429710.2, 6821100.7) end=(429689.7, 6821147.5) length=51.1m closure=one-lane
2026-08-30 13:03:16,166 INFO theroadragetrip.roadworks: Roadwork generated: osm_way_id=395227297 start=(431799.2, 6818945.7) end=(431750.8, 6818921.8) length=54.5m closure=one-lane
2026-08-30 13:03:16,166 INFO theroadragetrip.main: Created 3 random roadworks (4 temporary lights)
2026-08-30 13:03:16,317 INFO theroadragetrip.police: Speed camera 1 placed at x=429217.8 y=6819823.1 heading=-96.7 deg limit=40 km/h osm_way_id=55426541
2026-08-30 13:03:16,317 INFO theroadragetrip.police: Speed camera 2 placed at x=429268.5 y=6819345.7 heading=-31.3 deg limit=30 km/h osm_way_id=838159916
2026-08-30 13:03:16,317 INFO theroadragetrip.main: Placed 2 hidden speed cameras
2026-08-30 13:03:16,324 INFO theroadragetrip.main: Target NPC traffic: 5 cars for 732 road ways
2026-08-30 13:03:16,326 INFO theroadragetrip.main: Placed 1 police patrol cars among NPC traffic
2026-08-30 13:03:16,363 INFO theroadragetrip.main: Entering gameplay loop
2026-08-30 13:03:16,379 INFO theroadragetrip.main: Gameplay frame: start
2026-08-30 13:03:16,380 INFO theroadragetrip.main: Gameplay frame: events complete
2026-08-30 13:03:16,380 INFO theroadragetrip.main: Gameplay frame: physics complete
2026-08-30 13:03:16,381 INFO theroadragetrip.main: Gameplay frame: collision checks complete
2026-08-30 13:03:16,388 INFO theroadragetrip.main: Gameplay frame: map update complete
2026-08-30 13:03:16,388 INFO theroadragetrip.main: Gameplay frame: rendering scenery
2026-08-30 13:03:16,393 INFO theroadragetrip.main: Gameplay frame: rendering water
2026-08-30 13:03:16,407 INFO theroadragetrip.main: Gameplay frame: rendering buildings
2026-08-30 13:03:16,434 INFO theroadragetrip.main: Gameplay frame: rendering roads
2026-08-30 13:03:16,438 INFO theroadragetrip.main: Gameplay frame: rendering overlays
2026-08-30 13:03:16,443 INFO theroadragetrip.main: Gameplay frame: flipping display
2026-08-30 13:03:16,443 INFO theroadragetrip.main: Gameplay frame: complete
2026-08-30 13:03:18,396 INFO theroadragetrip.main: Speed limiter disabled
2026-08-30 13:03:21,711 INFO theroadragetrip.main: Lane assist enabled
2026-08-30 13:03:22,065 INFO theroadragetrip.traffic: Traffic active: 5 NPC cars on roads (0 in view)
2026-08-30 13:03:27,023 INFO theroadragetrip.traffic: Traffic active: 5 NPC cars on roads (3 in view)
2026-08-30 13:03:31,878 INFO theroadragetrip.traffic: Traffic active: 5 NPC cars on roads (2 in view)
2026-08-30 13:03:36,625 INFO theroadragetrip.taxi: Player crashed into NPC vehicle: -150 pts penalty (impact speed: 56.9 m/s)
2026-08-30 13:03:36,719 INFO theroadragetrip.traffic: Traffic active: 5 NPC cars on roads (2 in view)
2026-08-30 13:03:37,110 INFO theroadragetrip.taxi: Taxi phone offers generated: count=1 pickup_distances=[822]
2026-08-30 13:03:38,975 INFO theroadragetrip.taxi: Player crashed into NPC vehicle: -150 pts penalty (impact speed: 26.7 m/s)
2026-08-30 13:03:41,546 INFO theroadragetrip.traffic: Traffic active: 5 NPC cars on roads (3 in view)
2026-08-30 13:03:42,853 INFO theroadragetrip.taxi: Player crashed into NPC vehicle: -150 pts penalty (impact speed: 18.2 m/s)
2026-08-30 13:03:46,416 INFO theroadragetrip.traffic: Traffic active: 5 NPC cars on roads (3 in view)
2026-08-30 13:03:51,323 INFO theroadragetrip.traffic: Traffic active: 5 NPC cars on roads (3 in view)
2026-08-30 13:03:57,084 INFO theroadragetrip.traffic: Traffic active: 5 NPC cars on roads (3 in view)
2026-08-30 13:04:01,997 INFO theroadragetrip.traffic: Traffic active: 5 NPC cars on roads (2 in view)
2026-08-30 13:04:05,156 INFO theroadragetrip.taxi: Player crashed into NPC vehicle: -150 pts penalty (impact speed: 56.9 m/s)
2026-08-30 13:04:06,528 INFO theroadragetrip.taxi: Player crashed into NPC vehicle: -150 pts penalty (impact speed: 3.9 m/s)
2026-08-30 13:04:06,855 INFO theroadragetrip.traffic: Traffic active: 5 NPC cars on roads (2 in view)
2026-08-30 13:04:11,680 INFO theroadragetrip.traffic: Traffic active: 5 NPC cars on roads (2 in view)
2026-08-30 13:04:16,528 INFO theroadragetrip.traffic: Traffic active: 5 NPC cars on roads (2 in view)
2026-08-30 13:04:20,191 INFO theroadragetrip.taxi: Player crashed into NPC vehicle: -150 pts penalty (impact speed: 56.9 m/s)
2026-08-30 13:04:21,440 INFO theroadragetrip.traffic: Traffic active: 5 NPC cars on roads (2 in view)
2026-08-30 13:04:27,154 INFO theroadragetrip.traffic: Traffic active: 5 NPC cars on roads (2 in view)
2026-08-30 13:04:32,130 INFO theroadragetrip.traffic: Traffic active: 5 NPC cars on roads (1 in view)
2026-08-30 13:04:36,987 INFO theroadragetrip.traffic: Traffic active: 5 NPC cars on roads (1 in view)
2026-08-30 13:04:39,163 INFO theroadragetrip.taxi: Player crashed into NPC vehicle: -150 pts penalty (impact speed: 52.5 m/s)
2026-08-30 13:04:41,828 INFO theroadragetrip.traffic: Traffic active: 5 NPC cars on roads (2 in view)
2026-08-30 13:04:46,656 INFO theroadragetrip.traffic: Traffic active: 5 NPC cars on roads (1 in view)
2026-08-30 13:04:51,518 INFO theroadragetrip.traffic: Traffic active: 1 NPC cars on roads (0 in view)
2026-08-30 13:04:56,423 INFO theroadragetrip.traffic: Traffic active: 1 NPC cars on roads (0 in view)
2026-08-30 13:04:57,092 INFO theroadragetrip.taxi: Player crashed into building: -200 pts
2026-08-30 13:05:02,151 INFO theroadragetrip.traffic: Traffic active: 1 NPC cars on roads (0 in view)
2026-08-30 13:05:07,055 INFO theroadragetrip.traffic: Traffic active: 1 NPC cars on roads (0 in view)
2026-08-30 13:05:11,914 INFO theroadragetrip.traffic: Traffic active: 1 NPC cars on roads (0 in view)
2026-08-30 13:05:16,780 INFO theroadragetrip.traffic: Traffic active: 1 NPC cars on roads (0 in view)
2026-08-30 13:05:21,646 INFO theroadragetrip.traffic: Traffic active: 1 NPC cars on roads (0 in view)
2026-08-30 13:05:26,545 INFO theroadragetrip.traffic: Traffic active: 1 NPC cars on roads (0 in view)
2026-08-30 13:05:31,450 INFO theroadragetrip.traffic: Traffic active: 1 NPC cars on roads (0 in view)
2026-08-30 13:05:37,187 INFO theroadragetrip.traffic: Traffic active: 1 NPC cars on roads (0 in view)
2026-08-30 13:05:42,052 INFO theroadragetrip.traffic: Traffic active: 1 NPC cars on roads (0 in view)
2026-08-30 13:14:17,377 INFO theroadragetrip.main: Selected starting city: Sysmä (bbox: (61.484253, 25.642849, 61.520289, 25.718377))
2026-08-30 13:14:17,512 INFO theroadragetrip.osm: Loaded OSM data from local cache
2026-08-30 13:14:17,623 INFO theroadragetrip.osm: Parsed 125451 OSM elements: 121379 nodes, 4064 ways, 4 relations
2026-08-30 13:14:17,634 INFO theroadragetrip.osm: Transforming 121379 node coordinates to EPSG:3067...
2026-08-30 13:14:17,704 INFO theroadragetrip.osm: Coordinate transformation finished in 0.185s (121291 nodes)
2026-08-30 13:14:17,904 INFO theroadragetrip.osm: Map generation complete in 0.385s: 732 roads, 35 waters, 1601 buildings, 120 scenery polygons, 111 places, 0 traffic signals, 82 crossings
2026-08-30 13:14:17,915 INFO theroadragetrip.roadworks: Roadwork generated: osm_way_id=972951452 start=(431293.1, 6818764.9) end=(431252.0, 6818729.9) length=53.9m closure=full-road
2026-08-30 13:14:17,915 INFO theroadragetrip.roadworks: Roadwork generated: osm_way_id=168937321 start=(429730.5, 6820517.1) end=(429726.3, 6820467.9) length=53.0m closure=full-road
2026-08-30 13:14:17,915 INFO theroadragetrip.roadworks: Roadwork generated: osm_way_id=55426544 start=(429767.0, 6819904.0) end=(429780.5, 6819860.6) length=46.0m closure=one-lane
2026-08-30 13:14:17,915 INFO theroadragetrip.main: Created 3 random roadworks (2 temporary lights)
2026-08-30 13:14:18,068 INFO theroadragetrip.police: Speed camera 1 placed at x=430797.4 y=6820135.7 heading=-27.1 deg limit=30 km/h osm_way_id=1548469858
2026-08-30 13:14:18,068 INFO theroadragetrip.police: Speed camera 2 placed at x=430082.9 y=6819802.8 heading=46.5 deg limit=30 km/h osm_way_id=259741521
2026-08-30 13:14:18,068 INFO theroadragetrip.main: Placed 2 hidden speed cameras
2026-08-30 13:14:18,074 INFO theroadragetrip.main: Target NPC traffic: 5 cars for 732 road ways
2026-08-30 13:14:18,077 INFO theroadragetrip.main: Placed 1 police patrol cars among NPC traffic
2026-08-30 13:14:18,116 INFO theroadragetrip.main: Entering gameplay loop
2026-08-30 13:14:18,133 INFO theroadragetrip.main: Gameplay frame: start
2026-08-30 13:14:18,133 INFO theroadragetrip.main: Gameplay frame: events complete
2026-08-30 13:14:18,133 INFO theroadragetrip.main: Gameplay frame: physics complete
2026-08-30 13:14:18,134 INFO theroadragetrip.main: Gameplay frame: collision checks complete
2026-08-30 13:14:18,153 INFO theroadragetrip.main: Gameplay frame: map update complete
2026-08-30 13:14:18,153 INFO theroadragetrip.main: Gameplay frame: rendering scenery
2026-08-30 13:14:18,158 INFO theroadragetrip.main: Gameplay frame: rendering water
2026-08-30 13:14:18,174 INFO theroadragetrip.main: Gameplay frame: rendering buildings
2026-08-30 13:14:18,206 INFO theroadragetrip.main: Gameplay frame: rendering roads
2026-08-30 13:14:18,210 INFO theroadragetrip.main: Gameplay frame: rendering overlays
2026-08-30 13:14:18,216 INFO theroadragetrip.main: Gameplay frame: flipping display
2026-08-30 13:14:18,216 INFO theroadragetrip.main: Gameplay frame: complete
2026-08-30 13:14:23,336 INFO theroadragetrip.main: Speed limiter disabled
2026-08-30 13:14:23,869 INFO theroadragetrip.traffic: Traffic active: 5 NPC cars on roads (3 in view)
2026-08-30 13:14:28,828 INFO theroadragetrip.traffic: Traffic active: 5 NPC cars on roads (2 in view)
2026-08-30 13:14:33,241 INFO theroadragetrip.main: Speed limiter enabled
2026-08-30 13:14:33,722 INFO theroadragetrip.traffic: Traffic active: 5 NPC cars on roads (2 in view)
2026-08-30 13:14:38,577 INFO theroadragetrip.traffic: Traffic active: 5 NPC cars on roads (0 in view)
2026-08-30 13:14:40,347 INFO theroadragetrip.taxi: Taxi phone offers generated: count=1 pickup_distances=[897]
2026-08-30 13:14:43,450 INFO theroadragetrip.traffic: Traffic active: 5 NPC cars on roads (0 in view)
2026-08-30 13:14:47,303 INFO theroadragetrip.main: Speed limiter disabled
2026-08-30 13:14:48,335 INFO theroadragetrip.traffic: Traffic active: 5 NPC cars on roads (0 in view)
2026-08-30 13:14:53,235 INFO theroadragetrip.traffic: Traffic active: 5 NPC cars on roads (0 in view)
2026-08-30 13:14:54,820 INFO theroadragetrip.main: Lane assist enabled
2026-08-30 13:14:58,973 INFO theroadragetrip.traffic: Traffic active: 5 NPC cars on roads (0 in view)
2026-08-30 13:15:03,863 INFO theroadragetrip.traffic: Traffic active: 5 NPC cars on roads (2 in view)
2026-08-30 13:15:08,372 INFO theroadragetrip.taxi: Player crashed into NPC vehicle: -150 pts penalty (impact speed: 46.5 m/s)
2026-08-30 13:15:08,749 INFO theroadragetrip.traffic: Traffic active: 5 NPC cars on roads (2 in view)
2026-08-30 13:15:13,629 INFO theroadragetrip.traffic: Traffic active: 5 NPC cars on roads (2 in view)
2026-08-30 13:15:18,520 INFO theroadragetrip.traffic: Traffic active: 5 NPC cars on roads (2 in view)
2026-08-30 13:15:23,409 INFO theroadragetrip.traffic: Traffic active: 5 NPC cars on roads (2 in view)
2026-08-30 13:15:29,081 INFO theroadragetrip.traffic: Traffic active: 5 NPC cars on roads (2 in view)
2026-08-30 13:15:33,963 INFO theroadragetrip.traffic: Traffic active: 5 NPC cars on roads (3 in view)
2026-08-30 13:15:38,848 INFO theroadragetrip.traffic: Traffic active: 5 NPC cars on roads (0 in view)
2026-08-30 13:15:43,738 INFO theroadragetrip.traffic: Traffic active: 5 NPC cars on roads (4 in view)
2026-08-30 13:15:48,619 INFO theroadragetrip.traffic: Traffic active: 5 NPC cars on roads (2 in view)
2026-08-30 13:15:53,512 INFO theroadragetrip.traffic: Traffic active: 5 NPC cars on roads (2 in view)
2026-08-30 13:15:58,404 INFO theroadragetrip.traffic: Traffic active: 5 NPC cars on roads (0 in view)
2026-08-30 13:16:04,092 INFO theroadragetrip.traffic: Traffic active: 5 NPC cars on roads (4 in view)
2026-08-30 13:16:08,983 INFO theroadragetrip.traffic: Traffic active: 5 NPC cars on roads (2 in view)
2026-08-30 13:16:12,235 INFO theroadragetrip.taxi: Player crashed into NPC vehicle: -150 pts penalty (impact speed: 56.9 m/s)
2026-08-30 13:16:13,868 INFO theroadragetrip.traffic: Traffic active: 5 NPC cars on roads (2 in view)
2026-08-30 13:16:18,756 INFO theroadragetrip.traffic: Traffic active: 5 NPC cars on roads (1 in view)
2026-08-30 13:16:23,639 INFO theroadragetrip.traffic: Traffic active: 5 NPC cars on roads (2 in view)
2026-08-30 13:16:27,485 INFO theroadragetrip.taxi: Player crashed into NPC vehicle: -150 pts penalty (impact speed: 52.7 m/s)
2026-08-30 13:16:28,520 INFO theroadragetrip.traffic: Traffic active: 5 NPC cars on roads (2 in view)
2026-08-30 13:16:34,205 INFO theroadragetrip.traffic: Traffic active: 5 NPC cars on roads (1 in view)
2026-08-30 13:16:39,088 INFO theroadragetrip.traffic: Traffic active: 5 NPC cars on roads (1 in view)
2026-08-30 13:16:43,977 INFO theroadragetrip.traffic: Traffic active: 5 NPC cars on roads (3 in view)
2026-08-30 13:16:48,860 INFO theroadragetrip.traffic: Traffic active: 5 NPC cars on roads (3 in view)
2026-08-30 13:16:53,753 INFO theroadragetrip.traffic: Traffic active: 5 NPC cars on roads (3 in view)
2026-08-30 13:17:04,136 INFO theroadragetrip.main: Selected starting city: Sysmä (bbox: (61.484253, 25.642849, 61.520289, 25.718377))
2026-08-30 13:17:10,143 INFO theroadragetrip.osm: Loaded OSM data from https://overpass-api.de/api/interpreter (125451 elements)
2026-08-30 13:17:10,616 INFO theroadragetrip.osm: Saved OSM cache to /home/ubuntu/.cache/RoadRageTrip/osm_cache/bbox_61p484253_25p642849_61p520289_25p718377pjson
2026-08-30 13:17:10,725 INFO theroadragetrip.osm: Parsed 125451 OSM elements: 121379 nodes, 4064 ways, 4 relations
2026-08-30 13:17:10,734 INFO theroadragetrip.osm: Transforming 121379 node coordinates to EPSG:3067...
2026-08-30 13:17:10,800 INFO theroadragetrip.osm: Coordinate transformation finished in 0.176s (121291 nodes)
2026-08-30 13:17:10,999 INFO theroadragetrip.osm: Map generation complete in 0.375s: 732 roads, 35 waters, 1601 buildings, 120 scenery polygons, 111 places, 0 traffic signals, 82 crossings
2026-08-30 13:17:11,010 INFO theroadragetrip.roadworks: Roadwork generated: osm_way_id=1548469864 start=(428475.9, 6819143.9) end=(428443.4, 6819167.1) length=41.6m closure=full-road
2026-08-30 13:17:11,010 INFO theroadragetrip.roadworks: Roadwork generated: osm_way_id=168937341 start=(430251.4, 6819268.2) end=(430280.2, 6819274.1) length=35.2m closure=one-lane
2026-08-30 13:17:11,010 INFO theroadragetrip.roadworks: Roadwork generated: osm_way_id=972951387 start=(429162.0, 6817723.5) end=(429196.7, 6817729.1) length=35.1m closure=one-lane
2026-08-30 13:17:11,010 INFO theroadragetrip.main: Created 3 random roadworks (4 temporary lights)
2026-08-30 13:17:11,164 INFO theroadragetrip.police: Speed camera 1 placed at x=428967.2 y=6818843.0 heading=85.5 deg limit=30 km/h osm_way_id=838191282
2026-08-30 13:17:11,164 INFO theroadragetrip.police: Speed camera 2 placed at x=429965.1 y=6819130.3 heading=156.0 deg limit=30 km/h osm_way_id=168937328
2026-08-30 13:17:11,164 INFO theroadragetrip.main: Placed 2 hidden speed cameras
2026-08-30 13:17:11,171 INFO theroadragetrip.main: Target NPC traffic: 5 cars for 732 road ways
2026-08-30 13:17:11,173 INFO theroadragetrip.main: Placed 1 police patrol cars among NPC traffic
2026-08-30 13:17:11,216 INFO theroadragetrip.main: Entering gameplay loop
2026-08-30 13:17:11,232 INFO theroadragetrip.main: Gameplay frame: start
2026-08-30 13:17:11,233 INFO theroadragetrip.main: Gameplay frame: events complete
2026-08-30 13:17:11,233 INFO theroadragetrip.main: Gameplay frame: physics complete
2026-08-30 13:17:11,234 INFO theroadragetrip.main: Gameplay frame: collision checks complete
2026-08-30 13:17:11,239 INFO theroadragetrip.main: Gameplay frame: map update complete
2026-08-30 13:17:11,240 INFO theroadragetrip.main: Gameplay frame: rendering scenery
2026-08-30 13:17:11,244 INFO theroadragetrip.main: Gameplay frame: rendering water
2026-08-30 13:17:11,259 INFO theroadragetrip.main: Gameplay frame: rendering buildings
2026-08-30 13:17:11,286 INFO theroadragetrip.main: Gameplay frame: rendering roads
2026-08-30 13:17:11,290 INFO theroadragetrip.main: Gameplay frame: rendering overlays
2026-08-30 13:17:11,295 INFO theroadragetrip.main: Gameplay frame: flipping display
2026-08-30 13:17:11,295 INFO theroadragetrip.main: Gameplay frame: complete
2026-08-30 13:17:16,111 INFO theroadragetrip.traffic: Traffic active: 5 NPC cars on roads (0 in view)
2026-08-30 13:17:20,994 INFO theroadragetrip.traffic: Traffic active: 5 NPC cars on roads (0 in view)
2026-08-30 13:17:25,035 INFO theroadragetrip.taxi: Taxi phone offers generated: count=1 pickup_distances=[293]
2026-08-30 13:17:25,877 INFO theroadragetrip.traffic: Traffic active: 5 NPC cars on roads (0 in view)
2026-08-30 13:17:30,771 INFO theroadragetrip.traffic: Traffic active: 5 NPC cars on roads (1 in view)
2026-08-30 13:17:35,650 INFO theroadragetrip.traffic: Traffic active: 5 NPC cars on roads (0 in view)
2026-08-30 13:17:37,457 INFO theroadragetrip.main: Speed limiter disabled
2026-08-30 13:17:41,344 INFO theroadragetrip.traffic: Traffic active: 5 NPC cars on roads (2 in view)
2026-08-30 13:17:46,230 INFO theroadragetrip.traffic: Traffic active: 5 NPC cars on roads (5 in view)
2026-08-30 13:17:51,125 INFO theroadragetrip.traffic: Traffic active: 5 NPC cars on roads (4 in view)
2026-08-30 13:17:56,016 INFO theroadragetrip.traffic: Traffic active: 5 NPC cars on roads (2 in view)
2026-08-30 13:17:59,301 INFO theroadragetrip.main: Police traffic stop: -300 pts
2026-08-30 13:18:00,907 INFO theroadragetrip.traffic: Traffic active: 5 NPC cars on roads (2 in view)
2026-08-30 13:18:05,800 INFO theroadragetrip.traffic: Traffic active: 5 NPC cars on roads (1 in view)
2026-08-30 13:18:09,727 INFO theroadragetrip.taxi: Player crashed into NPC vehicle: -150 pts penalty (impact speed: 9.2 m/s)
2026-08-30 13:18:10,684 INFO theroadragetrip.traffic: Traffic active: 5 NPC cars on roads (2 in view)
2026-08-30 13:18:16,391 INFO theroadragetrip.traffic: Traffic active: 5 NPC cars on roads (2 in view)
2026-08-30 13:18:21,309 INFO theroadragetrip.traffic: Traffic active: 5 NPC cars on roads (0 in view)
2026-08-30 13:18:26,154 INFO theroadragetrip.traffic: Traffic active: 1 NPC cars on roads (0 in view)
2026-08-30 13:18:31,016 INFO theroadragetrip.traffic: Traffic active: 1 NPC cars on roads (0 in view)
2026-08-30 13:18:35,909 INFO theroadragetrip.traffic: Traffic active: 1 NPC cars on roads (0 in view)
2026-08-30 13:18:40,793 INFO theroadragetrip.traffic: Traffic active: 1 NPC cars on roads (0 in view)
2026-08-30 13:28:31,769 INFO theroadragetrip.main: Selected starting city: Sysmä (bbox: (61.484253, 25.642849, 61.520289, 25.718377))
2026-08-30 13:28:31,905 INFO theroadragetrip.osm: Loaded OSM data from local cache
2026-08-30 13:28:32,015 INFO theroadragetrip.osm: Parsed 125451 OSM elements: 121379 nodes, 4064 ways, 4 relations
2026-08-30 13:28:32,026 INFO theroadragetrip.osm: Transforming 121379 node coordinates to EPSG:3067...
2026-08-30 13:28:32,093 INFO theroadragetrip.osm: Coordinate transformation finished in 0.183s (121291 nodes)
2026-08-30 13:28:32,294 INFO theroadragetrip.osm: Map generation complete in 0.383s: 732 roads, 35 waters, 1601 buildings, 120 scenery polygons, 111 places, 0 traffic signals, 82 crossings
2026-08-30 13:28:32,305 INFO theroadragetrip.roadworks: Roadwork generated: osm_way_id=401177635 start=(431061.0, 6818376.4) end=(431073.2, 6818350.2) length=30.0m closure=one-lane
2026-08-30 13:28:32,305 INFO theroadragetrip.roadworks: Roadwork generated: osm_way_id=972951387 start=(429116.5, 6817684.0) end=(429143.3, 6817717.7) length=43.3m closure=one-lane
2026-08-30 13:28:32,305 INFO theroadragetrip.roadworks: Roadwork generated: osm_way_id=711107354 start=(431542.0, 6818401.4) end=(431514.3, 6818357.3) length=52.2m closure=full-road
2026-08-30 13:28:32,305 INFO theroadragetrip.main: Created 3 random roadworks (4 temporary lights)
2026-08-30 13:28:32,455 INFO theroadragetrip.police: Speed camera 1 placed at x=431115.8 y=6819035.2 heading=-9.7 deg limit=40 km/h osm_way_id=461623422
2026-08-30 13:28:32,456 INFO theroadragetrip.police: Speed camera 2 placed at x=430031.8 y=6819167.2 heading=-91.9 deg limit=50 km/h osm_way_id=168937343
2026-08-30 13:28:32,456 INFO theroadragetrip.main: Placed 2 hidden speed cameras
2026-08-30 13:28:32,462 INFO theroadragetrip.main: Target NPC traffic: 5 cars for 732 road ways
2026-08-30 13:28:32,464 INFO theroadragetrip.main: Placed 1 police patrol cars among NPC traffic
2026-08-30 13:28:32,501 INFO theroadragetrip.main: Entering gameplay loop
2026-08-30 13:28:32,518 INFO theroadragetrip.main: Gameplay frame: start
2026-08-30 13:28:32,518 INFO theroadragetrip.main: Gameplay frame: events complete
2026-08-30 13:28:32,527 INFO theroadragetrip.main: Gameplay frame: physics complete
2026-08-30 13:28:32,528 INFO theroadragetrip.main: Gameplay frame: collision checks complete
2026-08-30 13:28:32,535 INFO theroadragetrip.main: Gameplay frame: map update complete
2026-08-30 13:28:32,536 INFO theroadragetrip.main: Gameplay frame: rendering scenery
2026-08-30 13:28:32,540 INFO theroadragetrip.main: Gameplay frame: rendering water
2026-08-30 13:28:32,554 INFO theroadragetrip.main: Gameplay frame: rendering buildings
2026-08-30 13:28:32,581 INFO theroadragetrip.main: Gameplay frame: rendering roads
2026-08-30 13:28:32,585 INFO theroadragetrip.main: Gameplay frame: rendering overlays
2026-08-30 13:28:32,590 INFO theroadragetrip.main: Gameplay frame: flipping display
2026-08-30 13:28:32,591 INFO theroadragetrip.main: Gameplay frame: complete
2026-08-30 13:28:37,405 INFO theroadragetrip.traffic: Traffic active: 5 NPC cars on roads (4 in view)
2026-08-30 13:28:43,151 INFO theroadragetrip.traffic: Traffic active: 5 NPC cars on roads (2 in view)
2026-08-30 13:28:43,361 INFO theroadragetrip.main: Speed limiter disabled
2026-08-30 13:28:44,732 INFO theroadragetrip.main: Speed limiter enabled
2026-08-30 13:28:46,817 INFO theroadragetrip.taxi: Passenger boarded: passenger=Liisa pickup=Sysmäntie 42, Osuuspankki dropoff=Särkilahdentie, Koivumäentie walking=False
2026-08-30 13:28:48,038 INFO theroadragetrip.traffic: Traffic active: 5 NPC cars on roads (0 in view)
2026-08-30 13:28:52,927 INFO theroadragetrip.traffic: Traffic active: 5 NPC cars on roads (0 in view)
2026-08-30 13:28:57,804 INFO theroadragetrip.traffic: Traffic active: 5 NPC cars on roads (0 in view)
2026-08-30 13:29:02,682 INFO theroadragetrip.traffic: Traffic active: 5 NPC cars on roads (1 in view)
2026-08-30 13:29:02,814 INFO theroadragetrip.audio: Passenger chatter played: gender=woman language=fi hash=705e1ac61ea2e8d9
2026-08-30 13:29:07,563 INFO theroadragetrip.traffic: Traffic active: 5 NPC cars on roads (0 in view)
2026-08-30 13:29:12,449 INFO theroadragetrip.traffic: Traffic active: 5 NPC cars on roads (0 in view)
2026-08-30 13:29:18,187 INFO theroadragetrip.traffic: Traffic active: 5 NPC cars on roads (0 in view)
2026-08-30 13:29:19,389 INFO theroadragetrip.audio: Passenger chatter played: gender=woman language=fi hash=281141daf19b8e23
2026-08-30 13:30:57,296 INFO theroadragetrip.main: Selected starting city: Sysmä (bbox: (61.484253, 25.642849, 61.520289, 25.718377))
2026-08-30 13:30:57,444 INFO theroadragetrip.osm: Loaded OSM data from local cache
2026-08-30 13:30:57,553 INFO theroadragetrip.osm: Parsed 125451 OSM elements: 121379 nodes, 4064 ways, 4 relations
2026-08-30 13:30:57,566 INFO theroadragetrip.osm: Transforming 121379 node coordinates to EPSG:3067...
2026-08-30 13:30:57,637 INFO theroadragetrip.osm: Coordinate transformation finished in 0.187s (121291 nodes)
2026-08-30 13:30:57,836 INFO theroadragetrip.osm: Map generation complete in 0.386s: 732 roads, 35 waters, 1601 buildings, 120 scenery polygons, 111 places, 0 traffic signals, 82 crossings
2026-08-30 13:30:57,847 INFO theroadragetrip.roadworks: Roadwork generated: osm_way_id=259735070 start=(429115.3, 6819677.4) end=(429112.3, 6819637.7) length=40.1m closure=one-lane
2026-08-30 13:30:57,847 INFO theroadragetrip.roadworks: Roadwork generated: osm_way_id=957830704 start=(429999.7, 6820152.9) end=(430035.4, 6820170.8) length=40.1m closure=one-lane
2026-08-30 13:30:57,847 INFO theroadragetrip.roadworks: Roadwork generated: osm_way_id=1200860708 start=(430527.8, 6819005.0) end=(430494.3, 6819037.5) length=49.2m closure=full-road
2026-08-30 13:30:57,847 INFO theroadragetrip.main: Created 3 random roadworks (4 temporary lights)
2026-08-30 13:30:58,000 INFO theroadragetrip.police: Speed camera 1 placed at x=429599.8 y=6819595.0 heading=99.6 deg limit=40 km/h osm_way_id=55426543
2026-08-30 13:30:58,000 INFO theroadragetrip.police: Speed camera 2 placed at x=429691.7 y=6819936.7 heading=56.5 deg limit=40 km/h osm_way_id=461623405
2026-08-30 13:30:58,000 INFO theroadragetrip.main: Placed 2 hidden speed cameras
2026-08-30 13:30:58,007 INFO theroadragetrip.main: Target NPC traffic: 5 cars for 732 road ways
2026-08-30 13:30:58,010 INFO theroadragetrip.main: Placed 1 police patrol cars among NPC traffic
2026-08-30 13:30:58,048 INFO theroadragetrip.main: Entering gameplay loop
2026-08-30 13:30:58,064 INFO theroadragetrip.main: Gameplay frame: start
2026-08-30 13:30:58,064 INFO theroadragetrip.main: Gameplay frame: events complete
2026-08-30 13:30:58,074 INFO theroadragetrip.main: Gameplay frame: physics complete
2026-08-30 13:30:58,075 INFO theroadragetrip.main: Gameplay frame: collision checks complete
2026-08-30 13:30:58,094 INFO theroadragetrip.main: Gameplay frame: map update complete
2026-08-30 13:30:58,095 INFO theroadragetrip.main: Gameplay frame: rendering scenery
2026-08-30 13:30:58,099 INFO theroadragetrip.main: Gameplay frame: rendering water
2026-08-30 13:30:58,114 INFO theroadragetrip.main: Gameplay frame: rendering buildings
2026-08-30 13:30:58,141 INFO theroadragetrip.main: Gameplay frame: rendering roads
2026-08-30 13:30:58,145 INFO theroadragetrip.main: Gameplay frame: rendering overlays
2026-08-30 13:30:58,150 INFO theroadragetrip.main: Gameplay frame: flipping display
2026-08-30 13:30:58,151 INFO theroadragetrip.main: Gameplay frame: complete
2026-08-30 13:31:02,939 INFO theroadragetrip.traffic: Traffic active: 5 NPC cars on roads (3 in view)
2026-08-30 13:31:07,811 INFO theroadragetrip.traffic: Traffic active: 5 NPC cars on roads (1 in view)
2026-08-30 13:31:12,690 INFO theroadragetrip.traffic: Traffic active: 5 NPC cars on roads (1 in view)
2026-08-30 13:31:13,627 INFO theroadragetrip.taxi: Taxi phone offers generated: count=1 pickup_distances=[638]
2026-08-30 13:31:18,372 INFO theroadragetrip.taxi: Taxi phone offer accepted: passenger=Sari pickup=Kitchen dropoff=Tokmanni
2026-08-30 13:31:19,138 INFO theroadragetrip.traffic: Traffic active: 5 NPC cars on roads (0 in view)
2026-08-30 13:31:21,015 INFO theroadragetrip.main: Speed limiter disabled
2026-08-30 13:31:24,016 INFO theroadragetrip.traffic: Traffic active: 5 NPC cars on roads (0 in view)
